timestamp,id,nombre,zona,tipo,lat,lon,Cs137_Bq_m3,K40_Bq_L,Sr90_Bq_L,EDR_uSv_h,pH,Conductividad_uS,Turbidez_NTU,As_mg_kg,Hg_mg_kg,Pb_mg_kg,Cd_mg_kg,Zn_mg_kg,Cu_mg_kg,Bateria_pct,Voltaje_V,Estado_Bateria,Indice_Salud,Estado
2026-05-29 06:13,KAT-01,Nacimiento Katari,Río Katari,origen,-16.65,-68.45,1.334,122.54,0.1613,0.061,7.86,1222.1,17.53,41.63,3.45,36.36,0.62,100.66,39.16,33.0,3.6,🟡 BAJO,39.6,CRÍTICO
2026-05-29 05:01,KAT-02,El Alto — Zona Ind.,Río Katari,descarga,-16.58,-68.38,0.993,84.17,0.1037,0.294,7.63,2359.9,39.46,15.55,2.65,29.38,6.76,116.48,17.62,56.7,3.81,🟢 OK,56.3,PRECAUCIÓN
2026-05-29 03:49,KAT-03,Viacha — Minería,Río Katari,descarga,-16.65,-68.3,2.855,77.32,0.1903,0.428,6.53,1497.0,111.96,54.88,2.74,12.45,9.84,70.83,13.06,53.1,3.78,🟢 OK,30.3,CRÍTICO
2026-05-29 02:37,KAT-04,Toma Riego Norte,Río Katari,riego,-16.52,-68.38,0.231,120.47,0.0648,0.193,8.05,1483.7,46.21,13.01,5.31,39.38,9.5,93.56,29.31,87.4,4.09,🟢 OK,54.9,PRECAUCIÓN
2026-05-29 01:25,KAT-05,Confluencia Pallina,Río Katari,confluencia,-16.54,-68.52,0.407,84.8,0.0212,0.269,7.01,1613.0,26.62,20.23,1.84,28.92,1.78,84.81,7.33,90.9,4.12,🟢 OK,68.8,PRECAUCIÓN
2026-05-29 00:13,KAT-06,Toma Riego Central,Río Katari,riego,-16.51,-68.55,2.622,84.94,0.0131,0.253,8.53,2147.5,62.66,8.36,2.23,9.71,8.76,67.9,18.1,10.4,3.39,🔴 CRÍTICO,54.3,PRECAUCIÓN
2026-05-28 23:01,KAT-07,Descarga Media,Río Katari,descarga,-16.5,-68.62,1.579,91.26,0.2252,0.108,7.98,3430.7,59.41,49.29,5.96,41.66,11.01,77.93,36.62,39.3,3.65,🟡 BAJO,26.1,CRÍTICO
2026-05-28 21:49,KAT-08,Zona Sedimentación,Río Katari,monitoreo,-16.495,-68.64,0.202,80.39,0.0184,0.29,7.97,1488.1,45.3,15.72,2.49,38.5,2.63,16.27,16.37,14.7,3.43,🔴 CRÍTICO,64.6,PRECAUCIÓN
2026-05-28 20:37,KAT-09,Toma Riego Sur,Río Katari,riego,-16.49,-68.65,3.132,115.41,0.1412,0.286,8.7,2310.2,19.94,27.9,4.49,44.82,3.49,19.4,13.77,35.3,3.62,🟡 BAJO,24.7,CRÍTICO
2026-05-28 19:25,KAT-10,Tramo Bajo Katari,Río Katari,monitoreo,-16.48,-68.68,2.77,118.04,0.0134,0.077,7.58,1661.3,22.74,19.43,5.17,19.04,5.43,75.44,19.47,79.6,4.02,🟢 OK,47.3,PRECAUCIÓN
2026-05-28 18:13,KAT-11,Toma Riego Final,Río Katari,riego,-16.47,-68.72,3.238,87.59,0.1134,0.21,6.93,1438.5,8.15,26.36,0.68,17.04,9.19,31.64,10.29,36.6,3.63,🟡 BAJO,52.3,PRECAUCIÓN
2026-05-28 17:01,KAT-12,Descarga Pre-Cohana,Río Katari,descarga,-16.46,-68.75,4.639,87.1,0.2088,0.202,8.36,1902.9,87.64,44.53,5.06,40.05,1.81,123.11,24.74,8.9,3.38,🔴 CRÍTICO,17.0,CRÍTICO
2026-05-28 15:49,COH-01,Cohana — Entrada,Bahía Cohana,bahia,-16.32,-68.78,0.378,104.54,0.2253,0.329,6.05,2730.5,34.63,18.86,5.85,32.85,14.2,32.99,27.79,5.0,3.34,🔴 CRÍTICO,42.5,PRECAUCIÓN
2026-05-28 14:37,COH-02,Cohana — Centro,Bahía Cohana,bahia,-16.35,-68.82,4.674,118.87,0.0969,0.282,8.05,3499.4,73.46,23.11,1.33,67.31,13.68,103.24,27.66,18.7,3.47,🔴 CRÍTICO,38.3,CRÍTICO
2026-05-28 13:25,COH-03,Cohana — Sur,Bahía Cohana,bahia,-16.38,-68.85,3.708,119.86,0.2894,0.133,8.42,3057.9,17.81,64.48,5.21,7.37,2.1,107.55,6.62,5.0,3.34,🔴 CRÍTICO,29.6,CRÍTICO
2026-05-28 12:13,MIN-01,Zona Minera El Alto,Zona Minera,mina,-16.6,-68.35,3.796,109.59,0.2175,0.266,6.7,3594.1,47.87,73.21,7.39,85.43,13.55,125.41,16.27,16.3,3.45,🔴 CRÍTICO,15.0,CRÍTICO
2026-05-28 11:01,MIN-02,Vertedero Viacha,Zona Minera,mina,-16.67,-68.29,1.959,87.2,0.3157,0.519,7.22,4097.7,109.9,52.72,6.66,53.33,4.61,154.54,31.98,5.0,3.34,🔴 CRÍTICO,21.9,CRÍTICO
2026-05-28 09:49,KAT-01,Nacimiento Katari,Río Katari,origen,-16.65,-68.45,2.211,83.86,0.2039,0.049,8.96,2497.0,34.4,44.24,2.58,48.0,9.73,89.61,16.57,47.7,3.73,🟢 OK,23.7,CRÍTICO
2026-05-28 08:37,KAT-02,El Alto — Zona Ind.,Río Katari,descarga,-16.58,-68.38,4.029,90.85,0.0652,0.278,7.73,3545.8,84.09,13.06,4.93,68.67,2.48,81.18,57.47,76.0,3.98,🟢 OK,34.5,CRÍTICO
2026-05-28 07:25,KAT-03,Viacha — Minería,Río Katari,descarga,-16.65,-68.3,3.33,110.12,0.1195,0.391,6.91,3247.6,96.67,61.05,4.2,37.9,11.38,98.59,47.16,78.6,4.01,🟢 OK,21.9,CRÍTICO
2026-05-28 06:13,KAT-04,Toma Riego Norte,Río Katari,riego,-16.52,-68.38,3.004,91.9,0.0886,0.171,6.29,1931.5,8.08,28.04,1.86,31.09,0.71,12.53,38.75,39.6,3.66,🟡 BAJO,41.4,PRECAUCIÓN
2026-05-28 05:01,KAT-05,Confluencia Pallina,Río Katari,confluencia,-16.54,-68.52,0.532,101.11,0.1691,0.059,6.67,2006.5,11.97,27.57,3.14,33.18,7.43,101.22,25.88,34.5,3.61,🟡 BAJO,54.3,PRECAUCIÓN
2026-05-28 03:49,KAT-06,Toma Riego Central,Río Katari,riego,-16.51,-68.55,2.696,88.54,0.1016,0.271,6.24,1002.6,81.06,34.48,2.48,12.3,1.93,32.65,27.27,65.7,3.89,🟢 OK,32.9,CRÍTICO
2026-05-28 02:37,KAT-07,Descarga Media,Río Katari,descarga,-16.5,-68.62,3.163,89.0,0.2895,0.222,8.29,2647.8,74.79,21.92,3.1,54.04,0.78,27.96,8.58,6.5,3.36,🔴 CRÍTICO,30.0,CRÍTICO
2026-05-28 01:25,KAT-08,Zona Sedimentación,Río Katari,monitoreo,-16.495,-68.64,2.892,110.18,0.1087,0.092,6.3,1785.9,42.54,23.47,2.43,32.21,6.56,13.28,19.93,54.2,3.79,🟢 OK,33.4,CRÍTICO
2026-05-28 00:13,KAT-09,Toma Riego Sur,Río Katari,riego,-16.49,-68.65,1.75,117.82,0.1464,0.052,6.51,1078.6,55.84,29.85,5.16,30.4,4.17,69.79,23.45,45.4,3.71,🟢 OK,32.9,CRÍTICO
2026-05-27 23:01,KAT-10,Tramo Bajo Katari,Río Katari,monitoreo,-16.48,-68.68,3.17,94.31,0.2081,0.072,8.81,1288.9,10.71,6.02,0.9,35.24,1.11,39.14,39.68,5.0,3.34,🔴 CRÍTICO,49.0,PRECAUCIÓN
2026-05-27 21:49,KAT-11,Toma Riego Final,Río Katari,riego,-16.47,-68.72,2.759,89.09,0.0361,0.243,8.16,2016.6,74.35,39.0,1.84,12.48,7.67,85.25,45.8,30.1,3.57,🟡 BAJO,42.2,PRECAUCIÓN
2026-05-27 20:37,KAT-12,Descarga Pre-Cohana,Río Katari,descarga,-16.46,-68.75,1.855,113.82,0.1141,0.347,8.89,3363.0,54.65,51.72,1.32,63.16,7.42,121.94,24.7,69.1,3.92,🟢 OK,29.8,CRÍTICO
2026-05-27 19:25,COH-01,Cohana — Entrada,Bahía Cohana,bahia,-16.32,-68.78,2.072,75.54,0.295,0.452,6.28,2244.7,120.1,44.0,5.41,37.02,4.88,60.09,48.67,55.0,3.79,🟢 OK,18.3,CRÍTICO
2026-05-27 18:13,COH-02,Cohana — Centro,Bahía Cohana,bahia,-16.35,-68.82,4.027,114.48,0.0459,0.246,7.53,1585.0,72.79,63.8,3.28,14.65,2.7,121.44,45.25,5.0,3.34,🔴 CRÍTICO,34.2,CRÍTICO
2026-05-27 17:01,COH-03,Cohana — Sur,Bahía Cohana,bahia,-16.38,-68.85,0.589,110.05,0.0403,0.102,8.55,3219.7,17.48,70.03,3.46,31.77,12.41,147.77,68.42,51.0,3.76,🟢 OK,48.0,PRECAUCIÓN
2026-05-27 15:49,MIN-01,Zona Minera El Alto,Zona Minera,mina,-16.6,-68.35,2.678,79.18,0.2558,0.15,7.73,2787.8,153.25,51.88,0.95,51.18,1.93,40.46,18.27,40.2,3.66,🟢 OK,29.3,CRÍTICO
2026-05-27 14:37,MIN-02,Vertedero Viacha,Zona Minera,mina,-16.67,-68.29,5.074,104.17,0.3124,0.211,7.16,2400.0,147.3,91.41,0.96,96.29,1.67,186.43,52.73,67.4,3.91,🟢 OK,27.1,CRÍTICO
2026-05-27 13:25,KAT-01,Nacimiento Katari,Río Katari,origen,-16.65,-68.45,0.359,102.69,0.2097,0.168,7.62,2017.4,60.04,31.61,3.36,45.05,0.86,35.55,44.12,90.7,4.12,🟢 OK,43.1,PRECAUCIÓN
2026-05-27 12:13,KAT-02,El Alto — Zona Ind.,Río Katari,descarga,-16.58,-68.38,2.235,106.01,0.096,0.284,6.58,2434.6,46.31,11.92,7.46,68.43,10.03,83.53,24.08,82.2,4.04,🟢 OK,37.9,CRÍTICO
2026-05-27 11:01,KAT-03,Viacha — Minería,Río Katari,descarga,-16.65,-68.3,3.274,83.13,0.277,0.295,8.55,3577.9,87.36,31.94,7.17,60.86,1.2,16.09,28.02,79.9,4.02,🟢 OK,14.7,CRÍTICO
2026-05-27 09:49,KAT-04,Toma Riego Norte,Río Katari,riego,-16.52,-68.38,3.319,82.52,0.1332,0.271,7.18,2589.5,71.57,24.94,2.51,16.8,0.96,90.72,38.34,94.0,4.15,🟢 OK,38.1,CRÍTICO
2026-05-27 08:37,KAT-05,Confluencia Pallina,Río Katari,confluencia,-16.54,-68.52,3.349,102.77,0.1689,0.167,8.93,2387.4,24.73,10.67,5.23,31.78,2.63,72.48,30.16,37.4,3.64,🟡 BAJO,31.5,CRÍTICO
2026-05-27 07:25,KAT-06,Toma Riego Central,Río Katari,riego,-16.51,-68.55,0.488,108.58,0.1181,0.194,8.39,1833.9,72.36,28.81,4.84,22.66,1.71,11.72,35.92,57.7,3.82,🟢 OK,45.8,PRECAUCIÓN
2026-05-27 06:13,KAT-07,Descarga Media,Río Katari,descarga,-16.5,-68.62,3.362,85.65,0.0557,0.211,6.05,2168.6,72.39,33.07,6.97,28.24,7.54,116.28,29.2,55.9,3.8,🟢 OK,23.0,CRÍTICO
2026-05-27 05:01,KAT-08,Zona Sedimentación,Río Katari,monitoreo,-16.495,-68.64,2.914,122.48,0.042,0.169,8.87,1786.8,25.59,46.41,2.9,19.29,6.54,31.69,7.39,12.0,3.41,🔴 CRÍTICO,33.4,CRÍTICO
2026-05-27 03:49,KAT-09,Toma Riego Sur,Río Katari,riego,-16.49,-68.65,0.535,82.6,0.0403,0.287,7.99,1265.6,32.47,25.16,3.78,12.25,2.28,12.86,11.3,22.7,3.5,🟡 BAJO,60.5,PRECAUCIÓN
2026-05-27 02:37,KAT-10,Tramo Bajo Katari,Río Katari,monitoreo,-16.48,-68.68,0.694,79.44,0.0366,0.181,7.43,1306.6,33.94,34.25,0.62,40.47,6.49,16.73,40.89,75.3,3.98,🟢 OK,58.7,PRECAUCIÓN
2026-05-27 01:25,KAT-11,Toma Riego Final,Río Katari,riego,-16.47,-68.72,0.318,88.84,0.1765,0.145,8.32,1270.0,21.74,25.6,3.54,21.1,4.89,79.64,5.74,16.5,3.45,🔴 CRÍTICO,55.7,PRECAUCIÓN
2026-05-27 00:13,KAT-12,Descarga Pre-Cohana,Río Katari,descarga,-16.46,-68.75,3.404,119.76,0.1629,0.264,7.65,1596.1,56.68,21.61,2.49,30.07,0.86,55.21,18.31,20.8,3.49,🟡 BAJO,36.0,CRÍTICO
2026-05-26 23:01,COH-01,Cohana — Entrada,Bahía Cohana,bahia,-16.32,-68.78,0.762,119.53,0.1996,0.103,8.11,3428.7,66.75,41.71,5.07,57.07,6.88,31.58,24.18,21.9,3.5,🟡 BAJO,29.9,CRÍTICO
2026-05-26 21:49,COH-02,Cohana — Centro,Bahía Cohana,bahia,-16.35,-68.82,3.319,103.54,0.127,0.109,9.06,2966.6,35.9,17.51,2.49,17.6,3.33,53.91,17.22,65.2,3.89,🟢 OK,37.0,CRÍTICO
2026-05-26 20:37,COH-03,Cohana — Sur,Bahía Cohana,bahia,-16.38,-68.85,0.57,101.23,0.1436,0.46,9.05,1722.3,54.87,62.4,6.81,24.16,3.11,108.28,64.85,34.3,3.61,🟡 BAJO,29.8,CRÍTICO
2026-05-26 19:25,MIN-01,Zona Minera El Alto,Zona Minera,mina,-16.6,-68.35,3.944,89.0,0.2535,0.364,6.58,2506.3,77.51,30.86,2.0,63.96,6.42,127.85,21.37,25.9,3.53,🟡 BAJO,28.9,CRÍTICO
2026-05-26 18:13,MIN-02,Vertedero Viacha,Zona Minera,mina,-16.67,-68.29,3.691,77.59,0.121,0.264,6.42,1777.4,166.42,78.53,3.41,70.34,15.53,130.58,48.01,18.0,3.46,🔴 CRÍTICO,16.8,CRÍTICO
2026-05-26 17:01,KAT-01,Nacimiento Katari,Río Katari,origen,-16.65,-68.45,1.25,121.48,0.1814,0.298,8.99,1168.8,62.81,12.86,0.76,37.85,5.97,88.55,10.07,82.6,4.04,🟢 OK,48.8,PRECAUCIÓN
2026-05-26 15:49,KAT-02,El Alto — Zona Ind.,Río Katari,descarga,-16.58,-68.38,1.083,83.18,0.0637,0.199,8.53,2908.5,65.02,58.93,3.36,57.75,6.53,62.47,33.09,38.6,3.65,🟡 BAJO,33.8,CRÍTICO
2026-05-26 14:37,KAT-03,Viacha — Minería,Río Katari,descarga,-16.65,-68.3,3.559,100.14,0.0831,0.406,8.79,2246.9,67.28,44.06,1.41,65.51,9.08,56.91,14.07,78.5,4.01,🟢 OK,24.4,CRÍTICO
2026-05-26 13:25,KAT-04,Toma Riego Norte,Río Katari,riego,-16.52,-68.38,2.129,101.67,0.1944,0.112,8.44,1214.8,29.8,36.5,0.59,30.15,7.79,91.85,18.57,78.8,4.01,🟢 OK,43.6,PRECAUCIÓN
2026-05-26 12:13,KAT-05,Confluencia Pallina,Río Katari,confluencia,-16.54,-68.52,0.478,117.32,0.038,0.107,7.23,2299.5,17.06,35.58,4.05,33.35,7.12,60.29,14.78,36.4,3.63,🟡 BAJO,54.3,PRECAUCIÓN
2026-05-26 11:01,KAT-06,Toma Riego Central,Río Katari,riego,-16.51,-68.55,0.708,120.42,0.131,0.086,7.24,1736.2,79.85,29.87,2.97,32.02,0.59,91.42,43.35,53.0,3.78,🟢 OK,46.7,PRECAUCIÓN
2026-05-26 09:49,KAT-07,Descarga Media,Río Katari,descarga,-16.5,-68.62,3.328,121.12,0.2188,0.223,6.47,2699.4,74.24,50.65,7.18,64.61,6.69,27.58,63.79,74.3,3.97,🟢 OK,10.4,CRÍTICO
2026-05-26 08:37,KAT-08,Zona Sedimentación,Río Katari,monitoreo,-16.495,-68.64,0.524,121.04,0.1895,0.06,7.61,1953.3,36.67,19.33,4.47,4.71,3.64,46.63,26.77,79.2,4.01,🟢 OK,54.6,PRECAUCIÓN
2026-05-26 07:25,KAT-09,Toma Riego Sur,Río Katari,riego,-16.49,-68.65,1.242,92.35,0.1625,0.083,7.4,1337.3,40.88,12.66,2.93,23.35,9.26,43.25,28.58,52.7,3.77,🟢 OK,53.0,PRECAUCIÓN
2026-05-26 06:13,KAT-10,Tramo Bajo Katari,Río Katari,monitoreo,-16.48,-68.68,0.162,108.18,0.0483,0.068,8.98,1209.8,37.9,47.12,2.95,31.29,1.07,79.87,13.02,73.3,3.96,🟢 OK,45.5,PRECAUCIÓN
2026-05-26 05:01,KAT-11,Toma Riego Final,Río Katari,riego,-16.47,-68.72,0.785,84.53,0.0195,0.254,7.46,1908.9,10.42,24.29,3.06,24.33,4.29,61.89,10.72,10.5,3.39,🔴 CRÍTICO,65.3,PRECAUCIÓN
2026-05-26 03:49,KAT-12,Descarga Pre-Cohana,Río Katari,descarga,-16.46,-68.75,4.077,122.31,0.1234,0.073,6.84,2858.7,52.41,16.53,5.64,47.81,0.95,41.97,19.47,50.1,3.75,🟢 OK,29.1,CRÍTICO
2026-05-26 02:37,COH-01,Cohana — Entrada,Bahía Cohana,bahia,-16.32,-68.78,0.276,80.21,0.2628,0.108,6.55,3084.9,36.01,23.19,6.09,64.51,12.66,69.8,48.39,8.4,3.38,🔴 CRÍTICO,43.8,PRECAUCIÓN
2026-05-26 01:25,COH-02,Cohana — Centro,Bahía Cohana,bahia,-16.35,-68.82,1.605,119.82,0.022,0.141,6.27,1963.9,11.01,44.61,3.82,67.01,12.47,61.95,22.64,21.3,3.49,🟡 BAJO,38.4,CRÍTICO
2026-05-26 00:13,COH-03,Cohana — Sur,Bahía Cohana,bahia,-16.38,-68.85,3.049,88.4,0.209,0.187,7.27,2831.2,59.39,67.63,6.4,16.21,13.21,82.59,62.66,55.0,3.79,🟢 OK,21.8,CRÍTICO
2026-05-25 23:01,MIN-01,Zona Minera El Alto,Zona Minera,mina,-16.6,-68.35,2.995,76.12,0.1002,0.165,7.68,3373.7,51.12,80.63,10.76,56.31,4.16,69.47,9.94,62.7,3.86,🟢 OK,18.4,CRÍTICO
2026-05-25 21:49,MIN-02,Vertedero Viacha,Zona Minera,mina,-16.67,-68.29,1.003,103.83,0.1019,0.201,7.72,3424.0,141.18,11.42,2.22,90.0,17.72,130.91,58.84,39.5,3.66,🟡 BAJO,54.3,PRECAUCIÓN
2026-05-25 20:37,KAT-01,Nacimiento Katari,Río Katari,origen,-16.65,-68.45,0.688,120.72,0.0974,0.09,7.19,1831.8,8.95,36.25,0.84,31.64,2.79,45.79,16.33,45.2,3.71,🟢 OK,60.4,PRECAUCIÓN
2026-05-25 19:25,KAT-02,El Alto — Zona Ind.,Río Katari,descarga,-16.58,-68.38,3.43,89.86,0.1786,0.34,7.48,2905.0,110.64,19.99,0.81,22.82,8.64,19.4,35.07,63.7,3.87,🟢 OK,43.3,PRECAUCIÓN
2026-05-25 18:13,KAT-03,Viacha — Minería,Río Katari,descarga,-16.65,-68.3,1.684,113.55,0.0472,0.323,6.23,3056.7,61.98,32.92,2.33,57.9,11.4,104.51,21.88,61.2,3.85,🟢 OK,36.9,CRÍTICO
2026-05-25 17:01,KAT-04,Toma Riego Norte,Río Katari,riego,-16.52,-68.38,1.29,79.58,0.1991,0.095,6.42,2556.4,40.37,28.01,4.82,37.45,8.21,71.26,33.28,81.2,4.03,🟢 OK,32.0,CRÍTICO
2026-05-25 15:49,KAT-05,Confluencia Pallina,Río Katari,confluencia,-16.54,-68.52,0.929,99.47,0.0571,0.236,9.06,2546.0,8.35,44.11,1.33,30.06,9.26,12.21,33.49,32.3,3.59,🟡 BAJO,51.1,PRECAUCIÓN
2026-05-25 14:37,KAT-06,Toma Riego Central,Río Katari,riego,-16.51,-68.55,3.115,123.55,0.2046,0.131,7.47,2408.2,71.76,40.06,0.61,31.33,2.64,20.39,7.43,64.2,3.88,🟢 OK,32.4,CRÍTICO
2026-05-25 13:25,KAT-07,Descarga Media,Río Katari,descarga,-16.5,-68.62,1.71,111.24,0.0355,0.183,6.98,2612.9,94.53,44.15,6.84,45.1,3.74,15.83,57.04,5.0,3.34,🔴 CRÍTICO,32.2,CRÍTICO
2026-05-25 12:13,KAT-08,Zona Sedimentación,Río Katari,monitoreo,-16.495,-68.64,2.954,101.45,0.2036,0.252,8.48,2636.5,32.87,22.13,2.84,32.74,8.86,102.0,36.47,36.5,3.63,🟡 BAJO,37.1,CRÍTICO
2026-05-25 11:01,KAT-09,Toma Riego Sur,Río Katari,riego,-16.49,-68.65,1.485,111.88,0.0607,0.125,6.34,1555.8,27.87,15.06,0.63,5.3,9.96,49.42,20.34,56.8,3.81,🟢 OK,64.3,PRECAUCIÓN
2026-05-25 09:49,KAT-10,Tramo Bajo Katari,Río Katari,monitoreo,-16.48,-68.68,0.827,122.5,0.1724,0.3,6.28,1661.5,74.48,24.88,3.51,12.02,9.99,30.89,43.79,52.2,3.77,🟢 OK,43.9,PRECAUCIÓN
2026-05-25 08:37,KAT-11,Toma Riego Final,Río Katari,riego,-16.47,-68.72,2.089,100.63,0.0591,0.255,6.55,1330.4,19.93,19.96,0.71,48.11,8.96,96.67,45.99,9.8,3.39,🔴 CRÍTICO,56.2,PRECAUCIÓN
2026-05-25 07:25,KAT-12,Descarga Pre-Cohana,Río Katari,descarga,-16.46,-68.75,1.965,112.91,0.2156,0.148,6.48,3262.8,32.09,38.92,4.77,42.85,1.83,128.69,21.5,5.0,3.34,🔴 CRÍTICO,23.3,CRÍTICO
2026-05-25 06:13,COH-01,Cohana — Entrada,Bahía Cohana,bahia,-16.32,-68.78,4.499,122.78,0.2818,0.103,8.51,3091.2,72.95,33.61,3.45,24.28,11.11,83.79,11.41,9.7,3.39,🔴 CRÍTICO,23.9,CRÍTICO
2026-05-25 05:01,COH-02,Cohana — Centro,Bahía Cohana,bahia,-16.35,-68.82,3.501,78.81,0.2785,0.401,7.53,2651.1,77.85,29.79,5.76,44.94,4.5,138.05,56.54,45.0,3.71,🟢 OK,21.5,CRÍTICO
2026-05-25 03:49,COH-03,Cohana — Sur,Bahía Cohana,bahia,-16.38,-68.85,4.314,118.36,0.2348,0.318,8.59,3197.6,88.22,55.3,1.83,66.21,13.26,17.65,58.33,5.0,3.34,🔴 CRÍTICO,19.6,CRÍTICO
2026-05-25 02:37,MIN-01,Zona Minera El Alto,Zona Minera,mina,-16.6,-68.35,2.412,112.18,0.0672,0.093,8.54,3930.0,90.43,34.61,7.06,97.31,13.05,67.1,61.66,30.9,3.58,🟡 BAJO,22.9,CRÍTICO
2026-05-25 01:25,MIN-02,Vertedero Viacha,Zona Minera,mina,-16.67,-68.29,5.293,80.35,0.2509,0.432,7.68,4296.4,64.34,88.79,1.87,93.35,14.13,30.82,33.68,43.2,3.69,🟢 OK,24.4,CRÍTICO
2026-05-25 00:13,KAT-01,Nacimiento Katari,Río Katari,origen,-16.65,-68.45,0.338,104.11,0.0826,0.308,7.92,1036.8,73.88,45.94,4.2,10.35,7.74,11.32,5.13,42.5,3.68,🟢 OK,47.6,PRECAUCIÓN
2026-05-24 23:01,KAT-02,El Alto — Zona Ind.,Río Katari,descarga,-16.58,-68.38,2.384,113.52,0.2119,0.224,7.38,1987.6,117.28,33.89,1.74,56.37,9.97,41.81,10.72,70.8,3.94,🟢 OK,32.4,CRÍTICO
2026-05-24 21:49,KAT-03,Viacha — Minería,Río Katari,descarga,-16.65,-68.3,3.137,88.66,0.2884,0.222,6.47,2360.9,111.38,44.9,3.39,23.58,13.9,66.75,58.45,30.5,3.57,🟡 BAJO,20.5,CRÍTICO
2026-05-24 20:37,KAT-04,Toma Riego Norte,Río Katari,riego,-16.52,-68.38,0.81,76.56,0.1449,0.306,7.14,2412.1,42.52,13.04,4.8,39.45,7.87,88.83,36.16,62.2,3.86,🟢 OK,46.8,PRECAUCIÓN
2026-05-24 19:25,KAT-05,Confluencia Pallina,Río Katari,confluencia,-16.54,-68.52,0.545,76.63,0.1999,0.077,7.91,2298.2,43.17,10.51,3.88,23.86,2.36,55.46,6.9,56.5,3.81,🟢 OK,55.2,PRECAUCIÓN
2026-05-24 18:13,KAT-06,Toma Riego Central,Río Katari,riego,-16.51,-68.55,0.992,114.88,0.0753,0.151,7.41,979.5,10.96,25.41,3.44,17.62,7.13,90.28,36.95,8.4,3.38,🔴 CRÍTICO,59.7,PRECAUCIÓN
2026-05-24 17:01,KAT-07,Descarga Media,Río Katari,descarga,-16.5,-68.62,2.348,80.25,0.0859,0.297,9.06,1679.1,62.35,48.65,4.54,6.92,5.0,81.09,11.05,32.8,3.6,🟡 BAJO,26.6,CRÍTICO
2026-05-24 15:49,KAT-08,Zona Sedimentación,Río Katari,monitoreo,-16.495,-68.64,0.228,78.93,0.093,0.261,6.41,1913.5,59.55,13.66,1.26,9.21,6.57,75.76,5.53,80.6,4.03,🟢 OK,65.1,PRECAUCIÓN
2026-05-24 14:37,KAT-09,Toma Riego Sur,Río Katari,riego,-16.49,-68.65,0.288,102.06,0.1566,0.137,8.7,2159.7,68.39,39.47,0.82,44.77,5.71,86.23,23.2,53.7,3.78,🟢 OK,42.0,PRECAUCIÓN
2026-05-24 13:25,KAT-10,Tramo Bajo Katari,Río Katari,monitoreo,-16.48,-68.68,1.826,111.58,0.0287,0.28,6.19,1375.1,17.81,14.46,5.34,19.66,2.18,83.63,31.87,39.3,3.65,🟡 BAJO,50.1,PRECAUCIÓN
2026-05-24 12:13,KAT-11,Toma Riego Final,Río Katari,riego,-16.47,-68.72,1.919,110.96,0.0586,0.099,9.09,2597.7,56.46,33.82,0.78,5.88,2.91,52.72,40.67,56.8,3.81,🟢 OK,46.1,PRECAUCIÓN
2026-05-24 11:01,KAT-12,Descarga Pre-Cohana,Río Katari,descarga,-16.46,-68.75,3.537,96.27,0.1156,0.391,7.15,3667.0,11.77,41.38,3.68,51.99,7.17,128.15,58.84,28.8,3.56,🟡 BAJO,28.6,CRÍTICO
2026-05-24 09:49,COH-01,Cohana — Entrada,Bahía Cohana,bahia,-16.32,-68.78,1.525,104.62,0.2972,0.364,6.65,3009.9,82.48,16.16,6.04,68.11,3.23,47.17,67.5,6.4,3.36,🔴 CRÍTICO,37.0,CRÍTICO
2026-05-24 08:37,COH-02,Cohana — Centro,Bahía Cohana,bahia,-16.35,-68.82,4.332,99.61,0.0937,0.213,8.7,2562.2,68.69,45.23,1.87,33.15,14.68,50.09,47.67,16.6,3.45,🔴 CRÍTICO,26.1,CRÍTICO
2026-05-24 07:25,COH-03,Cohana — Sur,Bahía Cohana,bahia,-16.38,-68.85,3.939,81.54,0.3148,0.136,7.41,2034.8,16.56,40.62,3.18,62.7,6.87,48.76,45.18,47.1,3.72,🟢 OK,27.0,CRÍTICO
2026-05-24 06:13,MIN-01,Zona Minera El Alto,Zona Minera,mina,-16.6,-68.35,1.322,83.38,0.0292,0.546,8.28,3458.7,85.25,78.18,6.74,87.14,4.82,39.15,31.06,5.0,3.34,🔴 CRÍTICO,34.2,CRÍTICO
2026-05-24 05:01,MIN-02,Vertedero Viacha,Zona Minera,mina,-16.67,-68.29,3.682,121.83,0.03,0.261,6.38,2866.2,157.59,53.11,1.26,22.35,19.9,200.41,8.81,63.9,3.88,🟢 OK,34.7,CRÍTICO
2026-05-24 03:49,KAT-01,Nacimiento Katari,Río Katari,origen,-16.65,-68.45,2.191,118.4,0.1048,0.083,7.6,1781.3,57.77,6.51,1.97,36.21,2.37,72.64,44.94,23.0,3.51,🟡 BAJO,52.1,PRECAUCIÓN
2026-05-24 02:37,KAT-02,El Alto — Zona Ind.,Río Katari,descarga,-16.58,-68.38,3.219,97.19,0.2647,0.42,6.55,2973.1,99.75,47.52,4.1,45.22,12.34,88.09,7.67,92.1,4.13,🟢 OK,18.7,CRÍTICO
2026-05-24 01:25,KAT-03,Viacha — Minería,Río Katari,descarga,-16.65,-68.3,3.296,108.83,0.0784,0.103,8.04,2270.4,79.15,46.03,7.64,9.34,13.8,66.43,57.08,77.5,4.0,🟢 OK,27.9,CRÍTICO
2026-05-24 00:13,KAT-04,Toma Riego Norte,Río Katari,riego,-16.52,-68.38,1.957,111.92,0.1912,0.263,7.25,1509.4,57.82,37.27,4.44,24.1,8.32,20.36,27.07,9.5,3.39,🔴 CRÍTICO,30.6,CRÍTICO
2026-05-23 23:01,KAT-05,Confluencia Pallina,Río Katari,confluencia,-16.54,-68.52,1.172,93.32,0.0928,0.109,8.16,1612.8,40.58,20.93,1.57,7.79,6.25,72.15,30.22,46.4,3.72,🟢 OK,60.5,PRECAUCIÓN
2026-05-23 21:49,KAT-06,Toma Riego Central,Río Katari,riego,-16.51,-68.55,1.351,118.17,0.1179,0.148,7.49,1003.1,32.12,22.0,3.34,28.51,6.29,81.28,38.35,66.0,3.89,🟢 OK,49.5,PRECAUCIÓN
2026-05-23 20:37,KAT-07,Descarga Media,Río Katari,descarga,-16.5,-68.62,4.502,75.91,0.0727,0.155,6.02,2866.9,106.36,61.86,1.01,65.17,5.34,26.02,34.45,24.8,3.52,🟡 BAJO,25.5,CRÍTICO
2026-05-23 19:25,KAT-08,Zona Sedimentación,Río Katari,monitoreo,-16.495,-68.64,1.043,90.36,0.1758,0.238,7.67,1483.0,53.31,16.7,2.5,9.98,2.17,73.37,11.82,45.6,3.71,🟢 OK,55.4,PRECAUCIÓN
2026-05-23 18:13,KAT-09,Toma Riego Sur,Río Katari,riego,-16.49,-68.65,2.417,80.34,0.1277,0.263,6.8,2577.7,43.33,28.36,0.64,32.99,9.61,65.85,38.61,74.2,3.97,🟢 OK,43.4,PRECAUCIÓN
2026-05-23 17:01,KAT-10,Tramo Bajo Katari,Río Katari,monitoreo,-16.48,-68.68,0.859,85.6,0.1366,0.14,7.27,2371.0,76.13,15.2,4.35,16.87,8.37,49.04,32.24,5.1,3.35,🔴 CRÍTICO,51.3,PRECAUCIÓN
2026-05-23 15:49,KAT-11,Toma Riego Final,Río Katari,riego,-16.47,-68.72,2.141,97.59,0.1317,0.104,6.52,2197.9,73.2,9.27,0.54,33.39,6.28,60.66,13.94,28.2,3.55,🟡 BAJO,54.1,PRECAUCIÓN
2026-05-23 14:37,KAT-12,Descarga Pre-Cohana,Río Katari,descarga,-16.46,-68.75,2.865,99.84,0.2989,0.225,6.42,2979.0,51.93,49.54,5.47,68.75,2.32,26.37,48.47,42.2,3.68,🟢 OK,11.0,CRÍTICO
2026-05-23 13:25,COH-01,Cohana — Entrada,Bahía Cohana,bahia,-16.32,-68.78,1.512,78.97,0.0442,0.159,8.77,1923.5,46.07,30.24,1.15,41.79,1.61,126.95,21.02,36.9,3.63,🟡 BAJO,44.7,PRECAUCIÓN
2026-05-23 12:13,COH-02,Cohana — Centro,Bahía Cohana,bahia,-16.35,-68.82,4.457,107.54,0.1811,0.47,7.01,2279.2,86.96,49.57,4.85,56.07,7.37,22.03,41.72,70.4,3.93,🟢 OK,15.4,CRÍTICO
2026-05-23 11:01,COH-03,Cohana — Sur,Bahía Cohana,bahia,-16.38,-68.85,1.032,109.5,0.0795,0.374,7.66,1683.6,61.08,29.77,5.66,60.44,14.06,46.76,31.46,5.0,3.34,🔴 CRÍTICO,38.3,CRÍTICO
2026-05-23 09:49,MIN-01,Zona Minera El Alto,Zona Minera,mina,-16.6,-68.35,6.671,121.35,0.1832,0.138,8.61,3058.7,108.71,73.94,2.13,83.35,15.95,151.95,11.44,10.8,3.4,🔴 CRÍTICO,18.6,CRÍTICO
2026-05-23 08:37,MIN-02,Vertedero Viacha,Zona Minera,mina,-16.67,-68.29,1.945,93.01,0.0448,0.304,8.9,3150.6,58.62,48.07,6.89,55.41,18.6,111.93,91.74,55.4,3.8,🟢 OK,22.7,CRÍTICO
2026-05-23 07:25,KAT-01,Nacimiento Katari,Río Katari,origen,-16.65,-68.45,0.796,121.53,0.0357,0.279,8.53,1599.4,74.39,39.1,4.4,18.21,1.2,47.08,11.49,74.1,3.97,🟢 OK,41.8,PRECAUCIÓN
2026-05-23 06:13,KAT-02,El Alto — Zona Ind.,Río Katari,descarga,-16.58,-68.38,1.738,123.78,0.1999,0.412,8.55,1655.7,102.39,35.99,4.87,54.48,2.95,79.09,29.32,25.4,3.53,🟡 BAJO,21.5,CRÍTICO
2026-05-23 05:01,KAT-03,Viacha — Minería,Río Katari,descarga,-16.65,-68.3,1.835,78.41,0.0242,0.428,6.42,3609.2,67.94,32.78,2.79,38.19,6.53,26.58,43.56,29.4,3.56,🟡 BAJO,39.3,CRÍTICO
2026-05-23 03:49,KAT-04,Toma Riego Norte,Río Katari,riego,-16.52,-68.38,2.127,107.51,0.043,0.061,6.19,2271.7,41.46,47.03,0.71,35.78,9.92,31.6,10.17,19.3,3.47,🔴 CRÍTICO,38.6,CRÍTICO
2026-05-23 02:37,KAT-05,Confluencia Pallina,Río Katari,confluencia,-16.54,-68.52,1.103,80.05,0.1532,0.265,6.19,1815.8,83.74,31.09,1.96,32.58,5.51,49.26,9.69,82.4,4.04,🟢 OK,39.2,CRÍTICO
2026-05-23 01:25,KAT-06,Toma Riego Central,Río Katari,riego,-16.51,-68.55,1.577,84.73,0.087,0.253,7.28,2350.3,63.02,5.71,2.52,26.16,0.61,33.55,36.13,16.7,3.45,🔴 CRÍTICO,58.1,PRECAUCIÓN
2026-05-23 00:13,KAT-07,Descarga Media,Río Katari,descarga,-16.5,-68.62,2.596,85.76,0.0203,0.426,6.75,3639.3,95.72,36.04,1.36,40.82,6.73,124.31,11.65,44.5,3.7,🟢 OK,41.5,PRECAUCIÓN
2026-05-22 23:01,KAT-08,Zona Sedimentación,Río Katari,monitoreo,-16.495,-68.64,0.606,91.23,0.1624,0.169,7.48,1591.5,36.32,38.22,4.92,47.49,8.02,38.81,33.1,38.2,3.64,🟡 BAJO,35.0,CRÍTICO
2026-05-22 21:49,KAT-09,Toma Riego Sur,Río Katari,riego,-16.49,-68.65,0.945,117.04,0.0198,0.223,8.8,1735.3,55.43,42.84,3.63,32.13,1.06,57.99,10.51,61.7,3.86,🟢 OK,39.2,CRÍTICO
2026-05-22 20:37,KAT-10,Tramo Bajo Katari,Río Katari,monitoreo,-16.48,-68.68,1.78,109.01,0.0205,0.064,6.26,2163.4,10.93,5.76,5.24,37.69,3.83,37.02,18.89,62.8,3.87,🟢 OK,53.4,PRECAUCIÓN
2026-05-22 19:25,KAT-11,Toma Riego Final,Río Katari,riego,-16.47,-68.72,2.263,84.26,0.0475,0.117,6.31,2069.3,65.44,6.13,0.83,48.05,3.27,81.69,30.44,27.5,3.55,🟡 BAJO,51.3,PRECAUCIÓN
2026-05-22 18:13,KAT-12,Descarga Pre-Cohana,Río Katari,descarga,-16.46,-68.75,1.101,81.07,0.1924,0.079,8.4,2858.5,65.82,64.3,6.22,24.75,13.84,92.23,40.13,56.6,3.81,🟢 OK,32.7,CRÍTICO
2026-05-22 17:01,COH-01,Cohana — Entrada,Bahía Cohana,bahia,-16.32,-68.78,4.125,107.82,0.0572,0.218,7.05,3778.8,34.41,35.1,3.95,48.12,14.3,47.62,13.95,7.8,3.37,🔴 CRÍTICO,29.9,CRÍTICO
2026-05-22 15:49,COH-02,Cohana — Centro,Bahía Cohana,bahia,-16.35,-68.82,4.49,107.29,0.1055,0.44,8.53,3610.7,107.87,23.77,6.34,37.84,12.83,116.76,55.22,44.8,3.7,🟢 OK,24.2,CRÍTICO
2026-05-22 14:37,COH-03,Cohana — Sur,Bahía Cohana,bahia,-16.38,-68.85,1.042,102.25,0.3193,0.121,8.91,1548.8,27.34,53.61,6.81,21.16,7.96,132.67,52.47,33.1,3.6,🟡 BAJO,31.4,CRÍTICO
2026-05-22 13:25,MIN-01,Zona Minera El Alto,Zona Minera,mina,-16.6,-68.35,4.065,100.42,0.109,0.434,7.75,3528.9,148.05,74.43,2.45,50.54,1.02,64.62,69.42,69.3,3.92,🟢 OK,25.4,CRÍTICO
2026-05-22 12:13,MIN-02,Vertedero Viacha,Zona Minera,mina,-16.67,-68.29,0.883,95.07,0.2628,0.423,6.63,3154.2,125.96,26.29,4.42,79.54,11.55,18.99,72.32,5.0,3.34,🔴 CRÍTICO,38.0,CRÍTICO
2026-05-22 11:01,KAT-01,Nacimiento Katari,Río Katari,origen,-16.65,-68.45,2.536,85.12,0.2074,0.128,7.14,1509.2,16.97,42.07,5.44,21.07,4.75,77.24,41.42,65.4,3.89,🟢 OK,30.1,CRÍTICO
2026-05-22 09:49,KAT-02,El Alto — Zona Ind.,Río Katari,descarga,-16.58,-68.38,1.944,95.63,0.2155,0.363,6.01,2801.3,46.54,12.82,4.74,36.6,9.27,21.18,39.98,60.7,3.85,🟢 OK,32.5,CRÍTICO
2026-05-22 08:37,KAT-03,Viacha — Minería,Río Katari,descarga,-16.65,-68.3,2.711,105.17,0.21,0.251,8.5,1978.6,98.31,11.88,1.0,27.36,11.2,106.23,52.25,55.0,3.79,🟢 OK,47.7,PRECAUCIÓN
2026-05-22 07:25,KAT-04,Toma Riego Norte,Río Katari,riego,-16.52,-68.38,1.546,82.37,0.079,0.207,7.35,1108.8,22.62,36.15,5.45,46.49,6.63,48.81,30.92,75.8,3.98,🟢 OK,37.5,CRÍTICO
2026-05-22 06:13,KAT-05,Confluencia Pallina,Río Katari,confluencia,-16.54,-68.52,0.503,95.5,0.1833,0.095,7.19,1920.7,51.54,20.46,2.11,5.68,0.65,87.6,15.67,51.0,3.76,🟢 OK,59.2,PRECAUCIÓN
2026-05-22 05:01,KAT-06,Toma Riego Central,Río Katari,riego,-16.51,-68.55,1.088,122.03,0.0649,0.095,7.33,2426.2,71.55,38.96,2.73,26.23,1.71,16.62,34.77,47.2,3.72,🟢 OK,46.0,PRECAUCIÓN
2026-05-22 03:49,KAT-07,Descarga Media,Río Katari,descarga,-16.5,-68.62,2.15,111.48,0.2354,0.347,6.49,2779.2,22.27,45.98,7.34,10.64,1.36,49.93,21.27,24.0,3.52,🟡 BAJO,29.0,CRÍTICO
2026-05-22 02:37,KAT-08,Zona Sedimentación,Río Katari,monitoreo,-16.495,-68.64,3.056,87.48,0.0675,0.063,8.35,1715.6,66.42,25.73,0.59,7.32,9.18,22.16,26.56,35.9,3.62,🟡 BAJO,49.7,PRECAUCIÓN
2026-05-22 01:25,KAT-09,Toma Riego Sur,Río Katari,riego,-16.49,-68.65,1.245,119.99,0.0165,0.298,8.06,2578.5,49.36,7.44,2.53,16.21,7.48,101.73,14.97,54.6,3.79,🟢 OK,66.1,PRECAUCIÓN
2026-05-22 00:13,KAT-10,Tramo Bajo Katari,Río Katari,monitoreo,-16.48,-68.68,0.762,103.27,0.1066,0.076,9.01,1982.3,32.77,11.6,1.56,15.79,8.64,62.04,26.18,6.8,3.36,🔴 CRÍTICO,60.2,PRECAUCIÓN
2026-05-21 23:01,KAT-11,Toma Riego Final,Río Katari,riego,-16.47,-68.72,2.907,111.14,0.0258,0.169,8.19,1873.1,11.69,25.61,1.26,47.06,8.63,72.22,23.62,30.0,3.57,🟡 BAJO,50.6,PRECAUCIÓN
2026-05-21 21:49,KAT-12,Descarga Pre-Cohana,Río Katari,descarga,-16.46,-68.75,3.121,102.27,0.0346,0.083,7.59,3240.7,57.98,53.58,2.01,22.59,2.82,56.29,50.38,37.1,3.63,🟡 BAJO,37.1,CRÍTICO
2026-05-21 20:37,COH-01,Cohana — Entrada,Bahía Cohana,bahia,-16.32,-68.78,1.176,118.89,0.2872,0.466,8.7,2041.8,61.18,56.51,0.84,11.15,7.35,142.38,40.24,33.3,3.6,🟡 BAJO,42.0,PRECAUCIÓN
2026-05-21 19:25,COH-02,Cohana — Centro,Bahía Cohana,bahia,-16.35,-68.82,0.693,107.84,0.2696,0.15,7.18,3394.5,121.8,40.84,2.8,60.27,9.0,103.45,56.57,22.7,3.5,🟡 BAJO,37.1,CRÍTICO
2026-05-21 18:13,COH-03,Cohana — Sur,Bahía Cohana,bahia,-16.38,-68.85,4.627,101.65,0.0663,0.415,8.16,3439.0,45.29,64.96,2.72,73.14,2.67,42.14,17.91,63.0,3.87,🟢 OK,27.4,CRÍTICO
2026-05-21 17:01,MIN-01,Zona Minera El Alto,Zona Minera,mina,-16.6,-68.35,4.48,82.61,0.1527,0.524,7.91,1833.7,149.48,52.94,10.59,46.6,19.85,144.24,61.71,5.0,3.34,🔴 CRÍTICO,15.7,CRÍTICO
2026-05-21 15:49,MIN-02,Vertedero Viacha,Zona Minera,mina,-16.67,-68.29,5.955,96.37,0.0676,0.478,6.04,3167.3,93.57,85.28,1.64,74.83,4.46,180.2,77.2,29.0,3.56,🟡 BAJO,24.0,CRÍTICO
2026-05-21 14:37,KAT-01,Nacimiento Katari,Río Katari,origen,-16.65,-68.45,2.421,90.72,0.1081,0.178,8.55,1731.6,33.43,40.04,2.11,12.32,7.3,87.05,8.43,35.4,3.62,🟡 BAJO,36.2,CRÍTICO
2026-05-21 13:25,KAT-02,El Alto — Zona Ind.,Río Katari,descarga,-16.58,-68.38,0.812,92.4,0.1454,0.196,8.32,2875.5,75.81,56.83,3.91,67.98,9.16,29.3,45.64,40.6,3.67,🟢 OK,33.2,CRÍTICO
2026-05-21 12:13,KAT-03,Viacha — Minería,Río Katari,descarga,-16.65,-68.3,3.281,78.48,0.0667,0.169,8.65,1878.3,99.63,45.15,5.49,38.6,4.72,40.73,7.83,36.8,3.63,🟡 BAJO,17.7,CRÍTICO
2026-05-21 11:01,KAT-04,Toma Riego Norte,Río Katari,riego,-16.52,-68.38,2.236,121.92,0.1897,0.115,8.37,2284.6,57.62,43.35,3.8,29.72,1.49,51.25,23.54,82.5,4.04,🟢 OK,27.7,CRÍTICO
2026-05-21 09:49,KAT-05,Confluencia Pallina,Río Katari,confluencia,-16.54,-68.52,1.891,94.02,0.2113,0.245,6.34,1669.9,8.56,43.81,1.83,43.13,3.24,95.07,35.87,75.4,3.98,🟢 OK,36.2,CRÍTICO
2026-05-21 08:37,KAT-06,Toma Riego Central,Río Katari,riego,-16.51,-68.55,0.178,123.14,0.1602,0.281,6.94,2353.4,27.42,9.98,3.97,28.83,1.35,31.86,4.72,44.8,3.7,🟢 OK,60.2,PRECAUCIÓN
2026-05-21 07:25,KAT-07,Descarga Media,Río Katari,descarga,-16.5,-68.62,1.535,104.92,0.1017,0.404,6.93,3092.0,12.66,57.46,5.3,43.67,12.66,37.12,10.52,23.4,3.51,🟡 BAJO,36.4,CRÍTICO
2026-05-21 06:13,KAT-08,Zona Sedimentación,Río Katari,monitoreo,-16.495,-68.64,2.694,76.73,0.1309,0.062,9.09,2397.6,46.31,40.17,3.44,9.67,1.33,94.96,32.31,71.5,3.94,🟢 OK,24.3,CRÍTICO
2026-05-21 05:01,KAT-09,Toma Riego Sur,Río Katari,riego,-16.49,-68.65,2.968,103.59,0.1176,0.254,7.33,1492.5,39.47,30.53,4.92,24.45,6.28,68.66,29.05,58.7,3.83,🟢 OK,29.1,CRÍTICO
2026-05-21 03:49,KAT-10,Tramo Bajo Katari,Río Katari,monitoreo,-16.48,-68.68,0.889,100.62,0.0333,0.302,7.19,1779.3,56.61,30.48,4.17,27.28,6.55,15.7,14.88,27.8,3.55,🟡 BAJO,49.0,PRECAUCIÓN
2026-05-21 02:37,KAT-11,Toma Riego Final,Río Katari,riego,-16.47,-68.72,1.651,77.28,0.0406,0.175,6.86,2592.2,31.34,13.49,3.5,17.13,2.42,57.82,4.43,5.0,3.34,🔴 CRÍTICO,58.8,PRECAUCIÓN
2026-05-21 01:25,KAT-12,Descarga Pre-Cohana,Río Katari,descarga,-16.46,-68.75,1.162,76.84,0.0477,0.257,7.05,3231.7,70.42,24.61,7.16,31.31,1.77,94.24,12.57,22.3,3.5,🟡 BAJO,45.8,PRECAUCIÓN
2026-05-21 00:13,COH-01,Cohana — Entrada,Bahía Cohana,bahia,-16.32,-68.78,2.646,118.71,0.169,0.179,8.18,3941.9,23.41,32.73,3.82,34.49,13.78,114.71,44.6,17.3,3.46,🔴 CRÍTICO,32.8,CRÍTICO
2026-05-20 23:01,COH-02,Cohana — Centro,Bahía Cohana,bahia,-16.35,-68.82,4.184,122.75,0.2693,0.172,6.0,3043.7,13.92,11.63,5.19,53.09,2.29,67.91,35.04,20.4,3.48,🟡 BAJO,29.5,CRÍTICO
2026-05-20 21:49,COH-03,Cohana — Sur,Bahía Cohana,bahia,-16.38,-68.85,0.768,95.95,0.2479,0.449,6.22,1642.1,49.78,50.0,5.76,31.18,9.23,14.94,46.37,64.6,3.88,🟢 OK,27.9,CRÍTICO
2026-05-20 20:37,MIN-01,Zona Minera El Alto,Zona Minera,mina,-16.6,-68.35,4.209,118.68,0.2395,0.378,6.37,4126.9,20.96,22.44,0.96,46.98,6.54,109.85,56.88,5.0,3.34,🔴 CRÍTICO,37.0,CRÍTICO
2026-05-20 19:25,MIN-02,Vertedero Viacha,Zona Minera,mina,-16.67,-68.29,1.037,102.93,0.123,0.464,8.26,3426.4,143.68,46.61,7.62,33.78,6.76,167.12,45.9,50.9,3.76,🟢 OK,33.1,CRÍTICO
2026-05-20 18:13,KAT-01,Nacimiento Katari,Río Katari,origen,-16.65,-68.45,2.785,117.88,0.199,0.145,7.34,1495.7,51.1,30.5,3.98,35.48,4.04,24.77,22.28,27.1,3.54,🟡 BAJO,27.5,CRÍTICO
2026-05-20 17:01,KAT-02,El Alto — Zona Ind.,Río Katari,descarga,-16.58,-68.38,4.205,92.29,0.0609,0.192,6.08,2863.0,77.57,11.57,3.48,25.91,9.75,92.74,27.32,31.5,3.58,🟡 BAJO,38.3,CRÍTICO
2026-05-20 15:49,KAT-03,Viacha — Minería,Río Katari,descarga,-16.65,-68.3,4.65,97.7,0.2134,0.254,6.44,2486.1,10.39,64.03,3.3,8.76,1.01,63.93,15.29,13.0,3.42,🔴 CRÍTICO,31.3,CRÍTICO
2026-05-20 14:37,KAT-04,Toma Riego Norte,Río Katari,riego,-16.52,-68.38,2.57,97.93,0.071,0.13,8.79,1155.1,80.53,42.56,3.46,41.7,9.93,36.25,44.57,42.1,3.68,🟢 OK,23.6,CRÍTICO
2026-05-20 13:25,KAT-05,Confluencia Pallina,Río Katari,confluencia,-16.54,-68.52,1.369,92.02,0.1224,0.251,6.48,1890.2,47.91,40.26,2.64,18.1,2.93,27.39,6.62,36.1,3.62,🟡 BAJO,36.9,CRÍTICO
2026-05-20 12:13,KAT-06,Toma Riego Central,Río Katari,riego,-16.51,-68.55,0.996,123.32,0.1258,0.165,7.08,1935.2,16.21,31.55,2.88,22.58,10.02,92.19,30.38,53.4,3.78,🟢 OK,52.8,PRECAUCIÓN
2026-05-20 11:01,KAT-07,Descarga Media,Río Katari,descarga,-16.5,-68.62,2.983,85.07,0.1297,0.149,6.12,2462.5,67.22,64.03,7.01,51.8,7.8,127.7,13.56,70.2,3.93,🟢 OK,10.3,CRÍTICO
2026-05-20 09:49,KAT-08,Zona Sedimentación,Río Katari,monitoreo,-16.495,-68.64,0.524,114.71,0.0683,0.17,8.72,2546.0,16.97,46.45,2.86,43.36,6.11,44.47,16.2,18.3,3.46,🔴 CRÍTICO,45.4,PRECAUCIÓN
2026-05-20 08:37,KAT-09,Toma Riego Sur,Río Katari,riego,-16.49,-68.65,2.588,94.33,0.1163,0.31,7.53,1929.8,73.41,22.37,4.59,38.9,5.96,99.35,12.62,8.3,3.37,🔴 CRÍTICO,32.5,CRÍTICO
2026-05-20 07:25,KAT-10,Tramo Bajo Katari,Río Katari,monitoreo,-16.48,-68.68,2.887,96.96,0.1848,0.166,8.77,1064.9,74.82,26.69,3.58,46.19,0.6,54.06,33.08,58.4,3.83,🟢 OK,22.0,CRÍTICO
2026-05-20 06:13,KAT-11,Toma Riego Final,Río Katari,riego,-16.47,-68.72,2.364,81.72,0.0731,0.102,7.11,2311.5,27.2,45.46,0.46,49.4,6.96,87.29,16.57,5.0,3.34,🔴 CRÍTICO,42.1,PRECAUCIÓN
2026-05-20 05:01,KAT-12,Descarga Pre-Cohana,Río Katari,descarga,-16.46,-68.75,3.515,116.71,0.2283,0.312,6.44,3116.1,92.12,52.4,6.56,44.96,1.79,77.11,10.45,27.6,3.55,🟡 BAJO,11.2,CRÍTICO
2026-05-20 03:49,COH-01,Cohana — Entrada,Bahía Cohana,bahia,-16.32,-68.78,2.159,78.3,0.1247,0.097,6.34,3476.8,119.82,68.05,4.58,26.97,1.74,84.46,56.35,51.1,3.76,🟢 OK,22.9,CRÍTICO
2026-05-20 02:37,COH-02,Cohana — Centro,Bahía Cohana,bahia,-16.35,-68.82,0.424,78.65,0.1413,0.393,6.92,2025.6,41.07,66.42,3.69,67.91,5.29,81.03,20.54,43.4,3.69,🟢 OK,37.6,CRÍTICO
2026-05-20 01:25,COH-03,Cohana — Sur,Bahía Cohana,bahia,-16.38,-68.85,4.938,105.17,0.1275,0.271,8.01,1749.8,112.85,36.18,5.06,48.92,1.67,110.26,21.54,47.7,3.73,🟢 OK,19.1,CRÍTICO
2026-05-20 00:13,MIN-01,Zona Minera El Alto,Zona Minera,mina,-16.6,-68.35,5.57,115.2,0.1871,0.237,7.61,2000.1,132.62,52.22,3.71,21.04,13.0,28.27,71.29,12.0,3.41,🔴 CRÍTICO,24.7,CRÍTICO
2026-05-19 23:01,MIN-02,Vertedero Viacha,Zona Minera,mina,-16.67,-68.29,0.241,100.56,0.0323,0.543,6.86,3579.5,20.37,10.82,3.33,75.68,6.95,37.26,38.66,6.0,3.35,🔴 CRÍTICO,66.4,PRECAUCIÓN
2026-05-19 21:49,KAT-01,Nacimiento Katari,Río Katari,origen,-16.65,-68.45,2.85,90.67,0.1729,0.147,8.76,1688.8,76.91,45.74,0.87,35.42,5.19,45.63,30.77,74.8,3.97,🟢 OK,25.6,CRÍTICO
2026-05-19 20:37,KAT-02,El Alto — Zona Ind.,Río Katari,descarga,-16.58,-68.38,0.188,83.35,0.2204,0.422,8.07,3616.1,91.25,48.66,2.69,12.94,11.16,97.82,8.71,43.6,3.69,🟢 OK,48.1,PRECAUCIÓN
2026-05-19 19:25,KAT-03,Viacha — Minería,Río Katari,descarga,-16.65,-68.3,4.508,100.02,0.1404,0.203,7.42,1835.3,48.0,10.43,6.0,32.54,11.71,125.1,18.35,66.9,3.9,🟢 OK,34.0,CRÍTICO
2026-05-19 18:13,KAT-04,Toma Riego Norte,Río Katari,riego,-16.52,-68.38,1.65,119.01,0.056,0.082,8.1,1981.0,28.5,32.62,4.14,18.7,6.65,46.34,34.15,25.9,3.53,🟡 BAJO,46.9,PRECAUCIÓN
2026-05-19 17:01,KAT-05,Confluencia Pallina,Río Katari,confluencia,-16.54,-68.52,3.004,89.37,0.087,0.117,6.18,1147.3,45.87,40.34,0.49,21.56,3.68,10.83,9.42,42.2,3.68,🟢 OK,32.8,CRÍTICO
2026-05-19 15:49,KAT-06,Toma Riego Central,Río Katari,riego,-16.51,-68.55,1.717,95.21,0.1203,0.305,7.84,976.7,41.8,27.05,3.83,18.53,7.9,82.04,26.09,88.0,4.09,🟢 OK,42.9,PRECAUCIÓN
2026-05-19 14:37,KAT-07,Descarga Media,Río Katari,descarga,-16.5,-68.62,0.737,75.85,0.2368,0.07,8.5,1626.7,36.63,24.6,6.04,38.93,5.3,61.78,5.96,28.5,3.56,🟡 BAJO,42.2,PRECAUCIÓN
2026-05-19 13:25,KAT-08,Zona Sedimentación,Río Katari,monitoreo,-16.495,-68.64,2.215,123.71,0.1848,0.256,6.07,2469.6,66.93,24.49,2.43,18.13,1.05,30.57,14.56,42.1,3.68,🟢 OK,35.9,CRÍTICO
2026-05-19 12:13,KAT-09,Toma Riego Sur,Río Katari,riego,-16.49,-68.65,2.542,98.69,0.0238,0.313,8.97,2543.8,67.08,28.12,5.27,7.9,3.95,30.3,12.42,11.0,3.4,🔴 CRÍTICO,34.6,CRÍTICO
2026-05-19 11:01,KAT-10,Tramo Bajo Katari,Río Katari,monitoreo,-16.48,-68.68,2.137,114.07,0.13,0.15,6.46,2322.7,55.33,33.56,1.73,20.03,9.28,36.45,23.94,72.7,3.95,🟢 OK,36.8,CRÍTICO
2026-05-19 09:49,KAT-11,Toma Riego Final,Río Katari,riego,-16.47,-68.72,2.413,78.11,0.042,0.081,6.02,2019.9,40.5,45.48,3.09,15.39,5.26,73.22,7.4,18.3,3.46,🔴 CRÍTICO,33.1,CRÍTICO
2026-05-19 08:37,KAT-12,Descarga Pre-Cohana,Río Katari,descarga,-16.46,-68.75,3.828,97.98,0.1729,0.231,7.34,1447.3,25.62,19.65,0.94,59.45,13.86,117.53,56.08,13.6,3.42,🔴 CRÍTICO,41.9,PRECAUCIÓN
2026-05-19 07:25,COH-01,Cohana — Entrada,Bahía Cohana,bahia,-16.32,-68.78,4.849,84.85,0.3091,0.298,9.08,3233.5,123.77,24.23,3.93,46.82,1.69,101.72,68.11,7.2,3.36,🔴 CRÍTICO,19.9,CRÍTICO
2026-05-19 06:13,COH-02,Cohana — Centro,Bahía Cohana,bahia,-16.35,-68.82,4.032,120.39,0.3068,0.374,8.98,2754.1,123.32,18.06,4.24,55.24,4.21,104.31,48.3,5.0,3.34,🔴 CRÍTICO,21.8,CRÍTICO
2026-05-19 05:01,COH-03,Cohana — Sur,Bahía Cohana,bahia,-16.38,-68.85,2.926,113.58,0.1707,0.443,6.04,1462.8,50.05,22.28,5.43,21.74,5.29,133.71,52.22,5.0,3.34,🔴 CRÍTICO,23.7,CRÍTICO
2026-05-19 03:49,MIN-01,Zona Minera El Alto,Zona Minera,mina,-16.6,-68.35,3.018,76.46,0.1652,0.305,8.05,1931.8,56.0,87.74,10.85,13.04,15.54,88.26,41.37,49.1,3.74,🟢 OK,22.4,CRÍTICO
2026-05-19 02:37,MIN-02,Vertedero Viacha,Zona Minera,mina,-16.67,-68.29,6.191,122.55,0.1946,0.395,7.11,3805.1,50.03,40.62,7.46,30.64,4.54,191.55,16.95,26.0,3.53,🟡 BAJO,19.1,CRÍTICO
2026-05-19 01:25,KAT-01,Nacimiento Katari,Río Katari,origen,-16.65,-68.45,0.836,76.95,0.0193,0.302,6.54,2416.2,27.5,29.68,2.62,30.6,5.41,80.7,16.06,45.0,3.71,🟢 OK,58.6,PRECAUCIÓN
2026-05-19 00:13,KAT-02,El Alto — Zona Ind.,Río Katari,descarga,-16.58,-68.38,4.224,122.32,0.2717,0.251,7.3,3179.4,59.87,19.39,4.76,18.03,5.07,125.72,18.06,19.0,3.47,🔴 CRÍTICO,32.7,CRÍTICO
2026-05-18 23:01,KAT-03,Viacha — Minería,Río Katari,descarga,-16.65,-68.3,0.481,122.04,0.1616,0.189,7.27,3251.2,99.5,48.13,6.03,47.54,2.64,128.48,37.58,35.0,3.61,🟡 BAJO,32.3,CRÍTICO
2026-05-18 21:49,KAT-04,Toma Riego Norte,Río Katari,riego,-16.52,-68.38,1.498,76.88,0.0381,0.186,8.37,960.0,38.05,7.54,5.32,14.68,3.36,37.72,13.88,9.1,3.38,🔴 CRÍTICO,57.4,PRECAUCIÓN
2026-05-18 20:37,KAT-05,Confluencia Pallina,Río Katari,confluencia,-16.54,-68.52,2.483,123.34,0.0578,0.159,8.06,2206.4,72.06,17.97,2.06,36.57,8.31,26.16,19.78,83.7,4.05,🟢 OK,47.3,PRECAUCIÓN
2026-05-18 19:25,KAT-06,Toma Riego Central,Río Katari,riego,-16.51,-68.55,2.734,124.24,0.1659,0.066,7.22,1952.3,57.3,28.12,3.99,12.03,7.96,64.17,44.19,8.6,3.38,🔴 CRÍTICO,33.7,CRÍTICO
2026-05-18 18:13,KAT-07,Descarga Media,Río Katari,descarga,-16.5,-68.62,1.372,105.08,0.1015,0.257,8.21,3129.2,18.65,37.27,3.19,65.07,11.78,104.84,47.88,42.2,3.68,🟢 OK,42.2,PRECAUCIÓN
2026-05-18 17:01,KAT-08,Zona Sedimentación,Río Katari,monitoreo,-16.495,-68.64,3.104,109.73,0.1607,0.098,8.67,1420.4,68.81,19.75,2.11,48.53,8.69,75.26,34.74,48.8,3.74,🟢 OK,29.1,CRÍTICO
2026-05-18 15:49,KAT-09,Toma Riego Sur,Río Katari,riego,-16.49,-68.65,3.189,99.81,0.0896,0.149,6.51,2280.8,63.09,6.31,4.65,5.01,7.22,100.69,22.58,19.0,3.47,🔴 CRÍTICO,46.0,PRECAUCIÓN
2026-05-18 14:37,KAT-10,Tramo Bajo Katari,Río Katari,monitoreo,-16.48,-68.68,2.404,115.86,0.1235,0.239,9.0,1046.8,45.0,41.48,1.32,40.5,5.76,46.47,9.73,70.6,3.94,🟢 OK,26.9,CRÍTICO
2026-05-18 13:25,KAT-11,Toma Riego Final,Río Katari,riego,-16.47,-68.72,0.63,90.49,0.0712,0.113,8.7,2090.1,67.99,31.49,3.3,41.98,9.17,10.15,32.51,5.0,3.34,🔴 CRÍTICO,42.0,PRECAUCIÓN
2026-05-18 12:13,KAT-12,Descarga Pre-Cohana,Río Katari,descarga,-16.46,-68.75,2.658,89.38,0.1044,0.34,7.09,2805.3,44.18,31.14,1.07,55.68,4.45,69.86,46.18,21.3,3.49,🟡 BAJO,37.1,CRÍTICO
2026-05-18 11:01,COH-01,Cohana — Entrada,Bahía Cohana,bahia,-16.32,-68.78,0.455,93.7,0.307,0.148,7.99,3132.1,82.56,34.23,6.31,13.59,4.66,52.67,33.52,74.3,3.97,🟢 OK,42.6,PRECAUCIÓN
2026-05-18 09:49,COH-02,Cohana — Centro,Bahía Cohana,bahia,-16.35,-68.82,0.508,100.94,0.0729,0.366,9.01,1725.5,55.55,52.26,3.83,30.14,6.39,50.96,19.24,30.1,3.57,🟡 BAJO,37.4,CRÍTICO
2026-05-18 08:37,COH-03,Cohana — Sur,Bahía Cohana,bahia,-16.38,-68.85,1.485,89.37,0.219,0.098,9.0,2961.2,16.97,67.81,2.88,12.96,9.31,101.9,47.16,9.7,3.39,🔴 CRÍTICO,38.3,CRÍTICO
2026-05-18 07:25,MIN-01,Zona Minera El Alto,Zona Minera,mina,-16.6,-68.35,0.338,123.25,0.0948,0.259,8.1,3578.6,106.58,33.27,6.86,86.95,19.13,38.02,21.41,65.3,3.89,🟢 OK,40.2,PRECAUCIÓN
2026-05-18 06:13,MIN-02,Vertedero Viacha,Zona Minera,mina,-16.67,-68.29,5.013,119.15,0.08,0.31,7.82,3563.2,117.62,11.79,6.72,31.78,9.54,198.98,41.92,54.4,3.79,🟢 OK,37.6,CRÍTICO
2026-05-18 05:01,KAT-01,Nacimiento Katari,Río Katari,origen,-16.65,-68.45,0.731,108.62,0.2113,0.07,6.32,974.0,39.39,36.68,5.03,24.03,2.92,50.05,34.58,15.8,3.44,🔴 CRÍTICO,33.4,CRÍTICO
2026-05-18 03:49,KAT-02,El Alto — Zona Ind.,Río Katari,descarga,-16.58,-68.38,2.842,105.66,0.1989,0.138,6.75,3023.5,17.43,58.95,5.8,7.17,3.95,40.97,21.8,34.0,3.61,🟡 BAJO,30.7,CRÍTICO
2026-05-18 02:37,KAT-03,Viacha — Minería,Río Katari,descarga,-16.65,-68.3,0.452,97.95,0.2261,0.423,7.88,2926.6,16.3,56.65,6.27,58.15,13.2,84.6,17.66,63.4,3.87,🟢 OK,38.4,CRÍTICO
2026-05-18 01:25,KAT-04,Toma Riego Norte,Río Katari,riego,-16.52,-68.38,2.527,111.9,0.1184,0.203,6.21,1583.5,77.76,27.86,1.78,21.08,9.07,71.98,37.27,47.6,3.73,🟢 OK,36.3,CRÍTICO
2026-05-18 00:13,KAT-05,Confluencia Pallina,Río Katari,confluencia,-16.54,-68.52,2.162,87.42,0.1559,0.298,7.33,1703.5,56.38,7.94,4.58,17.66,4.71,11.07,16.84,49.7,3.75,🟢 OK,44.4,PRECAUCIÓN
2026-05-17 23:01,KAT-06,Toma Riego Central,Río Katari,riego,-16.51,-68.55,0.302,99.55,0.2011,0.222,6.33,2244.3,37.51,16.18,1.22,11.72,1.1,26.54,32.1,79.9,4.02,🟢 OK,60.5,PRECAUCIÓN
2026-05-17 21:49,KAT-07,Descarga Media,Río Katari,descarga,-16.5,-68.62,3.861,109.26,0.0483,0.258,6.9,2072.7,34.91,38.84,3.11,28.59,11.79,117.02,23.98,80.7,4.03,🟢 OK,35.0,CRÍTICO
2026-05-17 20:37,KAT-08,Zona Sedimentación,Río Katari,monitoreo,-16.495,-68.64,3.207,91.34,0.0843,0.073,7.57,2541.1,74.26,21.74,3.21,27.14,2.29,90.16,32.63,72.2,3.95,🟢 OK,38.7,CRÍTICO
2026-05-17 19:25,KAT-09,Toma Riego Sur,Río Katari,riego,-16.49,-68.65,2.902,112.42,0.1016,0.093,7.89,1229.4,58.3,34.4,1.58,9.79,2.02,9.19,34.39,61.3,3.85,🟢 OK,40.4,PRECAUCIÓN
2026-05-17 18:13,KAT-10,Tramo Bajo Katari,Río Katari,monitoreo,-16.48,-68.68,1.788,83.07,0.029,0.11,6.06,1238.5,75.4,20.13,0.95,14.51,5.44,66.43,14.5,5.0,3.34,🔴 CRÍTICO,54.1,PRECAUCIÓN
2026-05-17 17:01,KAT-11,Toma Riego Final,Río Katari,riego,-16.47,-68.72,1.387,86.71,0.0568,0.157,8.98,1995.4,49.1,23.27,3.15,35.84,7.2,25.23,25.2,30.0,3.57,🟡 BAJO,42.3,PRECAUCIÓN
2026-05-17 15:49,KAT-12,Descarga Pre-Cohana,Río Katari,descarga,-16.46,-68.75,4.117,106.57,0.1689,0.19,6.36,2768.5,20.27,15.75,5.47,19.29,5.89,131.1,17.89,36.2,3.63,🟡 BAJO,33.8,CRÍTICO
2026-05-17 14:37,COH-01,Cohana — Entrada,Bahía Cohana,bahia,-16.32,-68.78,2.218,75.91,0.2606,0.322,6.21,2635.1,74.11,51.26,2.54,7.42,11.11,89.43,58.98,60.8,3.85,🟢 OK,30.3,CRÍTICO
2026-05-17 13:25,COH-02,Cohana — Centro,Bahía Cohana,bahia,-16.35,-68.82,4.279,99.25,0.1201,0.414,8.45,2577.3,29.54,63.48,4.16,11.86,6.25,127.4,63.11,6.3,3.36,🔴 CRÍTICO,30.6,CRÍTICO
2026-05-17 12:13,COH-03,Cohana — Sur,Bahía Cohana,bahia,-16.38,-68.85,0.505,118.87,0.1372,0.33,7.68,3879.5,15.74,12.54,3.47,61.01,6.91,154.85,41.52,14.3,3.43,🔴 CRÍTICO,57.5,PRECAUCIÓN
2026-05-17 11:01,MIN-01,Zona Minera El Alto,Zona Minera,mina,-16.6,-68.35,1.666,92.53,0.132,0.48,6.21,2634.8,83.62,65.67,7.98,9.75,5.05,143.06,49.06,5.0,3.34,🔴 CRÍTICO,27.3,CRÍTICO
2026-05-17 09:49,MIN-02,Vertedero Viacha,Zona Minera,mina,-16.67,-68.29,5.453,113.64,0.1858,0.512,6.21,3746.2,102.43,73.65,8.93,55.62,3.55,144.85,60.52,46.1,3.71,🟢 OK,9.2,CRÍTICO
2026-05-17 08:37,KAT-01,Nacimiento Katari,Río Katari,origen,-16.65,-68.45,0.67,84.75,0.1936,0.206,8.32,2485.8,65.0,32.72,4.9,30.55,6.53,23.79,24.1,75.9,3.98,🟢 OK,38.8,CRÍTICO
2026-05-17 07:25,KAT-02,El Alto — Zona Ind.,Río Katari,descarga,-16.58,-68.38,1.397,85.11,0.1064,0.406,6.75,1849.5,54.19,37.17,1.91,11.15,10.0,63.24,54.2,69.1,3.92,🟢 OK,47.5,PRECAUCIÓN
2026-05-17 06:13,KAT-03,Viacha — Minería,Río Katari,descarga,-16.65,-68.3,3.78,88.6,0.2145,0.186,6.82,3552.7,77.51,23.2,1.94,50.06,3.55,91.36,21.44,67.3,3.91,🟢 OK,32.9,CRÍTICO
2026-05-17 05:01,KAT-04,Toma Riego Norte,Río Katari,riego,-16.52,-68.38,2.76,113.9,0.1672,0.144,6.58,1108.5,60.29,23.41,0.58,16.18,0.75,92.08,14.42,56.4,3.81,🟢 OK,45.2,PRECAUCIÓN
2026-05-17 03:49,KAT-05,Confluencia Pallina,Río Katari,confluencia,-16.54,-68.52,0.246,108.34,0.0779,0.288,8.78,2452.0,30.87,47.09,4.58,42.52,2.83,63.5,7.02,15.1,3.44,🔴 CRÍTICO,38.3,CRÍTICO
2026-05-17 02:37,KAT-06,Toma Riego Central,Río Katari,riego,-16.51,-68.55,3.356,91.33,0.1646,0.11,8.5,2401.5,83.81,6.94,2.49,10.35,0.64,43.06,37.12,53.1,3.78,🟢 OK,47.1,PRECAUCIÓN
2026-05-17 01:25,KAT-07,Descarga Media,Río Katari,descarga,-16.5,-68.62,1.587,107.72,0.0831,0.351,6.04,3141.8,76.12,9.64,6.49,45.33,8.21,95.24,56.71,52.9,3.78,🟢 OK,38.5,CRÍTICO
2026-05-17 00:13,KAT-08,Zona Sedimentación,Río Katari,monitoreo,-16.495,-68.64,2.002,124.53,0.1664,0.107,7.37,2148.4,35.9,30.32,5.1,46.31,3.72,58.87,13.09,85.6,4.07,🟢 OK,29.6,CRÍTICO
2026-05-16 23:01,KAT-09,Toma Riego Sur,Río Katari,riego,-16.49,-68.65,3.299,107.48,0.1761,0.168,8.22,1956.5,9.45,33.59,3.83,21.29,9.52,24.82,25.22,57.7,3.82,🟢 OK,35.8,CRÍTICO
2026-05-16 21:49,KAT-10,Tramo Bajo Katari,Río Katari,monitoreo,-16.48,-68.68,2.379,107.43,0.0682,0.093,6.48,2028.4,52.45,34.87,2.71,34.55,8.51,25.04,5.0,63.2,3.87,🟢 OK,33.0,CRÍTICO
2026-05-16 20:37,KAT-11,Toma Riego Final,Río Katari,riego,-16.47,-68.72,2.095,109.98,0.183,0.177,8.49,2574.3,47.45,22.13,1.19,30.27,3.1,96.06,28.69,45.4,3.71,🟢 OK,45.6,PRECAUCIÓN
2026-05-16 19:25,KAT-12,Descarga Pre-Cohana,Río Katari,descarga,-16.46,-68.75,1.778,77.6,0.0259,0.396,7.31,1542.9,74.25,59.27,5.24,19.61,12.26,129.83,17.44,55.7,3.8,🟢 OK,37.5,CRÍTICO
2026-05-16 18:13,COH-01,Cohana — Entrada,Bahía Cohana,bahia,-16.32,-68.78,1.572,115.13,0.3232,0.462,6.09,3701.4,81.42,37.17,7.04,10.96,5.49,23.0,67.75,60.4,3.84,🟢 OK,27.9,CRÍTICO
2026-05-16 17:01,COH-02,Cohana — Centro,Bahía Cohana,bahia,-16.35,-68.82,4.323,121.9,0.044,0.16,7.2,1619.0,32.77,37.43,2.66,13.57,3.06,34.38,67.6,53.5,3.78,🟢 OK,40.8,PRECAUCIÓN
2026-05-16 15:49,COH-03,Cohana — Sur,Bahía Cohana,bahia,-16.38,-68.85,4.883,96.99,0.1032,0.162,8.47,2262.2,43.24,16.04,2.57,30.73,10.4,22.37,19.56,55.8,3.8,🟢 OK,41.8,PRECAUCIÓN
2026-05-16 14:37,MIN-01,Zona Minera El Alto,Zona Minera,mina,-16.6,-68.35,1.192,92.13,0.2826,0.253,6.48,1831.7,86.81,57.83,8.94,21.34,12.06,113.54,20.5,38.0,3.64,🟡 BAJO,28.2,CRÍTICO
2026-05-16 13:25,MIN-02,Vertedero Viacha,Zona Minera,mina,-16.67,-68.29,2.013,99.39,0.0432,0.121,7.42,2458.1,140.03,45.66,5.46,74.25,11.94,144.1,73.67,56.3,3.81,🟢 OK,28.7,CRÍTICO
2026-05-16 12:13,KAT-01,Nacimiento Katari,Río Katari,origen,-16.65,-68.45,1.137,101.9,0.1834,0.098,9.07,2454.4,34.5,25.8,4.16,26.67,5.09,88.21,19.38,88.1,4.09,🟢 OK,37.3,CRÍTICO
2026-05-16 11:01,KAT-02,El Alto — Zona Ind.,Río Katari,descarga,-16.58,-68.38,2.013,91.41,0.1465,0.423,8.36,1640.4,29.01,17.67,4.59,42.8,7.21,97.9,19.39,60.0,3.84,🟢 OK,39.4,CRÍTICO
2026-05-16 09:49,KAT-03,Viacha — Minería,Río Katari,descarga,-16.65,-68.3,1.856,108.08,0.0571,0.146,7.77,1779.8,38.07,18.1,6.41,24.3,13.13,140.92,39.47,23.2,3.51,🟡 BAJO,46.7,PRECAUCIÓN
2026-05-16 08:37,KAT-04,Toma Riego Norte,Río Katari,riego,-16.52,-68.38,1.334,114.89,0.0869,0.26,6.27,1895.4,71.8,12.61,3.81,14.42,2.53,91.6,14.69,31.4,3.58,🟡 BAJO,49.3,PRECAUCIÓN
2026-05-16 07:25,KAT-05,Confluencia Pallina,Río Katari,confluencia,-16.54,-68.52,0.122,118.53,0.1737,0.169,7.94,2220.4,17.22,20.0,0.89,26.38,9.31,12.79,16.44,24.6,3.52,🟡 BAJO,67.7,PRECAUCIÓN
2026-05-16 06:13,KAT-06,Toma Riego Central,Río Katari,riego,-16.51,-68.55,0.892,120.42,0.1075,0.177,7.45,2237.8,17.42,23.31,3.43,49.48,7.85,46.6,38.96,19.5,3.48,🔴 CRÍTICO,51.5,PRECAUCIÓN
2026-05-16 05:01,KAT-07,Descarga Media,Río Katari,descarga,-16.5,-68.62,0.306,85.22,0.114,0.256,7.58,2790.8,107.74,36.83,0.94,8.5,8.04,70.57,55.22,16.7,3.45,🔴 CRÍTICO,57.9,PRECAUCIÓN
2026-05-16 03:49,KAT-08,Zona Sedimentación,Río Katari,monitoreo,-16.495,-68.64,0.201,97.45,0.0604,0.209,6.15,2177.3,14.04,17.05,1.29,21.59,8.16,46.05,35.73,11.7,3.41,🔴 CRÍTICO,68.9,PRECAUCIÓN
2026-05-16 02:37,KAT-09,Toma Riego Sur,Río Katari,riego,-16.49,-68.65,2.624,86.85,0.1502,0.063,7.75,2521.0,35.75,6.05,4.59,28.11,7.91,31.15,18.69,5.0,3.34,🔴 CRÍTICO,42.2,PRECAUCIÓN
2026-05-16 01:25,KAT-10,Tramo Bajo Katari,Río Katari,monitoreo,-16.48,-68.68,3.235,108.39,0.2024,0.131,6.82,1987.3,58.68,40.87,5.19,44.32,7.56,35.22,16.03,78.9,4.01,🟢 OK,16.2,CRÍTICO
2026-05-16 00:13,KAT-11,Toma Riego Final,Río Katari,riego,-16.47,-68.72,0.153,110.8,0.1561,0.137,7.93,2623.4,29.81,8.57,2.65,16.25,3.74,87.87,43.49,10.8,3.4,🔴 CRÍTICO,67.0,PRECAUCIÓN
2026-05-15 23:01,KAT-12,Descarga Pre-Cohana,Río Katari,descarga,-16.46,-68.75,1.858,121.43,0.0345,0.12,6.29,1726.9,72.97,64.27,3.74,37.9,3.92,74.91,44.8,56.9,3.81,🟢 OK,31.1,CRÍTICO
2026-05-15 21:49,COH-01,Cohana — Entrada,Bahía Cohana,bahia,-16.32,-68.78,3.844,103.89,0.2947,0.07,8.53,3347.8,14.44,21.26,5.65,34.51,6.46,138.89,62.72,68.3,3.91,🟢 OK,29.9,CRÍTICO
2026-05-15 20:37,COH-02,Cohana — Centro,Bahía Cohana,bahia,-16.35,-68.82,1.705,109.55,0.1011,0.242,6.59,1905.3,48.29,60.22,1.54,56.36,8.33,54.32,37.35,14.5,3.43,🔴 CRÍTICO,37.3,CRÍTICO
2026-05-15 19:25,COH-03,Cohana — Sur,Bahía Cohana,bahia,-16.38,-68.85,3.077,96.69,0.0683,0.207,6.36,2817.7,114.47,54.05,5.61,69.63,12.53,93.82,47.69,63.4,3.87,🟢 OK,15.3,CRÍTICO
2026-05-15 18:13,MIN-01,Zona Minera El Alto,Zona Minera,mina,-16.6,-68.35,2.829,91.34,0.0213,0.402,8.56,3842.7,26.95,49.47,2.04,97.25,4.99,30.71,58.37,47.8,3.73,🟢 OK,32.8,CRÍTICO
2026-05-15 17:01,MIN-02,Vertedero Viacha,Zona Minera,mina,-16.67,-68.29,0.45,107.94,0.1809,0.25,6.32,2083.1,99.96,89.32,9.09,97.52,5.86,201.28,44.62,12.5,3.41,🔴 CRÍTICO,26.7,CRÍTICO
2026-05-15 15:49,KAT-01,Nacimiento Katari,Río Katari,origen,-16.65,-68.45,0.283,77.64,0.1532,0.113,7.42,1340.6,53.6,29.51,2.23,41.56,8.35,54.11,18.93,45.8,3.71,🟢 OK,48.7,PRECAUCIÓN
2026-05-15 14:37,KAT-02,El Alto — Zona Ind.,Río Katari,descarga,-16.58,-68.38,3.823,91.41,0.0765,0.381,6.26,2441.7,60.51,20.36,3.28,57.23,11.73,63.48,32.88,38.8,3.65,🟡 BAJO,29.5,CRÍTICO
2026-05-15 13:25,KAT-03,Viacha — Minería,Río Katari,descarga,-16.65,-68.3,4.398,80.93,0.2835,0.243,8.12,2594.3,10.95,31.33,1.73,47.65,13.72,86.98,47.91,16.8,3.45,🔴 CRÍTICO,37.6,CRÍTICO
2026-05-15 12:13,KAT-04,Toma Riego Norte,Río Katari,riego,-16.52,-68.38,1.473,80.82,0.137,0.141,8.91,2071.8,11.3,28.38,2.45,42.01,8.29,66.82,19.89,30.7,3.58,🟡 BAJO,42.6,PRECAUCIÓN
2026-05-15 11:01,KAT-05,Confluencia Pallina,Río Katari,confluencia,-16.54,-68.52,0.463,92.74,0.0963,0.152,8.1,2065.7,10.77,12.88,1.21,41.73,0.82,48.61,11.26,81.7,4.04,🟢 OK,69.8,PRECAUCIÓN
2026-05-15 09:49,KAT-06,Toma Riego Central,Río Katari,riego,-16.51,-68.55,1.925,86.57,0.1145,0.284,8.27,2569.6,22.61,44.49,5.04,33.09,6.5,47.1,35.8,50.2,3.75,🟢 OK,32.9,CRÍTICO
2026-05-15 08:37,KAT-07,Descarga Media,Río Katari,descarga,-16.5,-68.62,3.241,96.42,0.2257,0.267,8.56,1688.4,99.18,57.02,3.63,30.18,12.96,45.83,55.52,44.1,3.7,🟢 OK,18.3,CRÍTICO
2026-05-15 07:25,KAT-08,Zona Sedimentación,Río Katari,monitoreo,-16.495,-68.64,1.786,90.42,0.1289,0.047,7.01,1026.0,26.67,46.34,5.29,22.28,7.46,41.68,32.39,69.5,3.93,🟢 OK,34.1,CRÍTICO
2026-05-15 06:13,KAT-09,Toma Riego Sur,Río Katari,riego,-16.49,-68.65,3.187,95.01,0.1718,0.208,6.82,2623.8,7.28,32.95,3.89,9.92,9.49,26.12,30.36,17.9,3.46,🔴 CRÍTICO,38.7,CRÍTICO
2026-05-15 05:01,KAT-10,Tramo Bajo Katari,Río Katari,monitoreo,-16.48,-68.68,1.115,102.32,0.0971,0.249,6.5,1247.2,38.18,42.96,0.84,22.19,1.39,10.57,31.99,48.2,3.73,🟢 OK,50.7,PRECAUCIÓN
2026-05-15 03:49,KAT-11,Toma Riego Final,Río Katari,riego,-16.47,-68.72,0.648,86.69,0.0168,0.107,8.59,2597.5,15.92,41.72,5.09,23.38,0.91,12.72,28.31,28.4,3.56,🟡 BAJO,46.4,PRECAUCIÓN
2026-05-15 02:37,KAT-12,Descarga Pre-Cohana,Río Katari,descarga,-16.46,-68.75,0.298,104.16,0.02,0.285,8.44,2064.7,11.79,30.73,7.46,40.58,4.31,106.46,21.84,69.9,3.93,🟢 OK,56.0,PRECAUCIÓN
2026-05-15 01:25,COH-01,Cohana — Entrada,Bahía Cohana,bahia,-16.32,-68.78,2.001,102.49,0.0335,0.158,7.32,3537.6,103.04,22.12,6.81,69.55,2.01,77.3,27.56,65.0,3.88,🟢 OK,38.6,CRÍTICO
2026-05-15 00:13,COH-02,Cohana — Centro,Bahía Cohana,bahia,-16.35,-68.82,0.586,85.56,0.2483,0.203,6.16,2681.2,60.1,32.73,4.64,17.64,8.92,127.67,54.19,5.0,3.34,🔴 CRÍTICO,36.6,CRÍTICO
2026-05-14 23:01,COH-03,Cohana — Sur,Bahía Cohana,bahia,-16.38,-68.85,0.905,88.41,0.1285,0.082,7.27,3152.8,14.57,32.57,5.9,19.81,9.93,50.33,62.12,63.1,3.87,🟢 OK,47.3,PRECAUCIÓN
2026-05-14 21:49,MIN-01,Zona Minera El Alto,Zona Minera,mina,-16.6,-68.35,2.166,86.5,0.1439,0.453,6.75,3482.7,140.61,79.75,4.84,23.07,15.1,86.13,64.79,8.0,3.37,🔴 CRÍTICO,26.8,CRÍTICO
2026-05-14 20:37,MIN-02,Vertedero Viacha,Zona Minera,mina,-16.67,-68.29,0.766,124.63,0.0658,0.446,9.06,4336.4,135.53,59.04,9.57,35.05,9.88,135.06,42.94,19.3,3.47,🔴 CRÍTICO,31.5,CRÍTICO
2026-05-14 19:25,KAT-01,Nacimiento Katari,Río Katari,origen,-16.65,-68.45,1.19,103.21,0.1855,0.267,6.62,2529.8,59.52,28.61,4.35,5.23,8.33,12.79,41.58,99.3,4.19,🟢 OK,44.0,PRECAUCIÓN
2026-05-14 18:13,KAT-02,El Alto — Zona Ind.,Río Katari,descarga,-16.58,-68.38,1.502,85.52,0.2354,0.111,6.78,3379.8,18.69,64.92,5.34,59.65,4.97,102.1,40.82,64.3,3.88,🟢 OK,30.8,CRÍTICO
2026-05-14 17:01,KAT-03,Viacha — Minería,Río Katari,descarga,-16.65,-68.3,3.264,103.77,0.1393,0.325,6.86,3151.7,32.3,21.07,5.0,53.37,3.55,20.53,13.58,62.5,3.86,🟢 OK,28.3,CRÍTICO
2026-05-14 15:49,KAT-04,Toma Riego Norte,Río Katari,riego,-16.52,-68.38,2.872,77.25,0.1618,0.135,7.06,1763.9,78.4,24.79,0.49,8.17,2.92,11.63,30.72,45.2,3.71,🟢 OK,45.7,PRECAUCIÓN
2026-05-14 14:37,KAT-05,Confluencia Pallina,Río Katari,confluencia,-16.54,-68.52,1.896,83.73,0.0724,0.285,8.06,2581.7,9.22,29.48,3.26,27.01,1.09,17.49,29.44,36.0,3.62,🟡 BAJO,50.9,PRECAUCIÓN
2026-05-14 13:25,KAT-06,Toma Riego Central,Río Katari,riego,-16.51,-68.55,3.092,95.33,0.0412,0.233,8.22,1452.8,46.63,43.06,4.41,34.94,6.99,98.39,16.62,5.1,3.35,🔴 CRÍTICO,27.0,CRÍTICO
2026-05-14 12:13,KAT-07,Descarga Media,Río Katari,descarga,-16.5,-68.62,1.402,85.89,0.2058,0.338,7.96,2739.8,9.14,26.37,5.28,41.36,5.22,30.4,11.43,73.7,3.96,🟢 OK,42.5,PRECAUCIÓN
2026-05-14 11:01,KAT-08,Zona Sedimentación,Río Katari,monitoreo,-16.495,-68.64,3.096,107.49,0.0331,0.077,7.25,2184.6,66.66,5.25,4.01,20.55,2.88,10.22,26.89,73.3,3.96,🟢 OK,49.1,PRECAUCIÓN
2026-05-14 09:49,KAT-09,Toma Riego Sur,Río Katari,riego,-16.49,-68.65,3.223,103.29,0.117,0.209,6.26,1882.1,35.17,21.58,1.63,8.77,3.46,18.13,11.63,82.9,4.05,🟢 OK,41.6,PRECAUCIÓN
2026-05-14 08:37,KAT-10,Tramo Bajo Katari,Río Katari,monitoreo,-16.48,-68.68,1.559,101.59,0.1902,0.133,9.09,1939.0,69.23,18.09,2.45,34.76,7.01,38.79,9.79,50.8,3.76,🟢 OK,39.3,CRÍTICO
2026-05-14 07:25,KAT-11,Toma Riego Final,Río Katari,riego,-16.47,-68.72,0.536,103.92,0.1535,0.18,8.17,2225.8,73.99,35.92,3.54,12.9,0.67,35.89,22.81,47.5,3.73,🟢 OK,45.7,PRECAUCIÓN
2026-05-14 06:13,KAT-12,Descarga Pre-Cohana,Río Katari,descarga,-16.46,-68.75,4.023,84.81,0.0527,0.284,8.99,1598.1,60.1,39.18,1.2,9.89,2.01,90.07,37.89,12.9,3.42,🔴 CRÍTICO,35.1,CRÍTICO
2026-05-14 05:01,COH-01,Cohana — Entrada,Bahía Cohana,bahia,-16.32,-68.78,3.28,116.0,0.0307,0.192,7.54,3177.1,37.68,46.53,7.42,61.42,9.08,117.01,29.28,45.5,3.71,🟢 OK,24.6,CRÍTICO
2026-05-14 03:49,COH-02,Cohana — Centro,Bahía Cohana,bahia,-16.35,-68.82,2.446,84.5,0.2327,0.076,7.73,2343.7,115.53,27.77,1.06,58.49,10.8,60.47,48.87,22.7,3.5,🟡 BAJO,37.0,CRÍTICO
2026-05-14 02:37,COH-03,Cohana — Sur,Bahía Cohana,bahia,-16.38,-68.85,3.855,97.71,0.1442,0.304,8.9,2072.2,22.1,68.94,3.49,10.94,5.55,85.22,16.5,42.9,3.69,🟢 OK,26.5,CRÍTICO
2026-05-14 01:25,MIN-01,Zona Minera El Alto,Zona Minera,mina,-16.6,-68.35,6.705,97.59,0.1265,0.314,7.24,1922.4,149.62,43.03,7.49,48.78,13.36,29.61,76.75,64.9,3.88,🟢 OK,16.8,CRÍTICO
2026-05-14 00:13,MIN-02,Vertedero Viacha,Zona Minera,mina,-16.67,-68.29,4.444,122.73,0.0643,0.307,7.48,3285.1,102.12,38.9,2.12,44.26,3.98,156.8,25.94,5.0,3.34,🔴 CRÍTICO,31.5,CRÍTICO
2026-05-13 23:01,KAT-01,Nacimiento Katari,Río Katari,origen,-16.65,-68.45,1.91,104.76,0.1899,0.191,7.79,1540.4,68.49,8.58,3.27,45.36,4.25,37.0,10.23,27.9,3.55,🟡 BAJO,44.2,PRECAUCIÓN
2026-05-13 21:49,KAT-02,El Alto — Zona Ind.,Río Katari,descarga,-16.58,-68.38,2.131,104.78,0.0398,0.376,8.91,3120.1,72.03,12.06,3.95,46.0,11.79,116.25,22.17,93.0,4.14,🟢 OK,39.9,CRÍTICO
2026-05-13 20:37,KAT-03,Viacha — Minería,Río Katari,descarga,-16.65,-68.3,0.732,118.76,0.2941,0.216,6.55,3042.3,11.79,37.71,4.69,65.26,9.68,76.27,53.49,91.8,4.13,🟢 OK,40.0,PRECAUCIÓN
2026-05-13 19:25,KAT-04,Toma Riego Norte,Río Katari,riego,-16.52,-68.38,0.191,124.13,0.0296,0.164,8.52,1431.0,15.66,32.3,2.34,6.96,6.21,94.28,20.3,27.4,3.55,🟡 BAJO,64.5,PRECAUCIÓN
2026-05-13 18:13,KAT-05,Confluencia Pallina,Río Katari,confluencia,-16.54,-68.52,1.554,77.42,0.1794,0.261,8.56,1947.8,33.06,28.55,4.58,32.92,8.0,65.56,21.59,88.4,4.1,🟢 OK,33.3,CRÍTICO
2026-05-13 17:01,KAT-06,Toma Riego Central,Río Katari,riego,-16.51,-68.55,1.873,105.25,0.057,0.061,7.94,1920.3,19.81,30.63,4.27,28.05,2.61,71.99,7.56,42.6,3.68,🟢 OK,45.9,PRECAUCIÓN
2026-05-13 15:49,KAT-07,Descarga Media,Río Katari,descarga,-16.5,-68.62,0.909,84.22,0.0746,0.256,7.2,1464.3,51.21,35.77,3.29,59.17,2.55,79.5,9.53,9.0,3.38,🔴 CRÍTICO,41.6,PRECAUCIÓN
2026-05-13 14:37,KAT-08,Zona Sedimentación,Río Katari,monitoreo,-16.495,-68.64,1.979,103.3,0.1911,0.071,7.73,2572.4,9.08,7.1,1.35,28.86,6.66,13.31,43.93,72.6,3.95,🟢 OK,61.5,PRECAUCIÓN
2026-05-13 13:25,KAT-09,Toma Riego Sur,Río Katari,riego,-16.49,-68.65,1.081,78.86,0.0467,0.111,6.39,1167.1,46.09,20.29,5.41,35.29,9.59,22.47,20.25,46.2,3.72,🟢 OK,42.7,PRECAUCIÓN
2026-05-13 12:13,KAT-10,Tramo Bajo Katari,Río Katari,monitoreo,-16.48,-68.68,0.369,75.21,0.1488,0.157,7.99,1650.1,43.81,6.26,2.11,12.47,1.37,99.41,29.37,58.9,3.83,🟢 OK,66.0,PRECAUCIÓN
2026-05-13 11:01,KAT-11,Toma Riego Final,Río Katari,riego,-16.47,-68.72,1.142,94.66,0.0603,0.228,6.3,1260.8,68.05,28.22,2.81,46.01,1.12,35.52,18.9,61.5,3.85,🟢 OK,41.6,PRECAUCIÓN
2026-05-13 09:49,KAT-12,Descarga Pre-Cohana,Río Katari,descarga,-16.46,-68.75,4.67,87.03,0.2665,0.218,8.57,1872.4,51.38,64.87,1.86,56.65,5.11,109.29,30.58,42.2,3.68,🟢 OK,19.6,CRÍTICO
2026-05-13 08:37,COH-01,Cohana — Entrada,Bahía Cohana,bahia,-16.32,-68.78,4.226,115.21,0.2831,0.236,6.18,3184.0,24.41,42.44,3.67,41.82,15.07,32.67,48.85,24.7,3.52,🟡 BAJO,19.3,CRÍTICO
2026-05-13 07:25,COH-02,Cohana — Centro,Bahía Cohana,bahia,-16.35,-68.82,0.826,82.94,0.3085,0.152,8.73,3725.7,125.0,30.27,5.69,39.41,6.69,64.22,43.71,37.9,3.64,🟡 BAJO,31.3,CRÍTICO
2026-05-13 06:13,COH-03,Cohana — Sur,Bahía Cohana,bahia,-16.38,-68.85,0.965,98.59,0.1874,0.078,7.77,1969.5,95.56,30.23,6.53,44.81,4.41,112.01,42.05,54.7,3.79,🟢 OK,34.9,CRÍTICO
2026-05-13 05:01,MIN-01,Zona Minera El Alto,Zona Minera,mina,-16.6,-68.35,5.003,105.51,0.1674,0.414,6.41,2331.7,76.51,53.65,3.74,9.58,10.43,71.98,70.11,5.0,3.34,🔴 CRÍTICO,22.0,CRÍTICO
2026-05-13 03:49,MIN-02,Vertedero Viacha,Zona Minera,mina,-16.67,-68.29,4.03,122.07,0.0714,0.387,7.46,1856.0,109.04,44.72,6.1,89.69,4.63,22.26,80.78,32.1,3.59,🟡 BAJO,20.2,CRÍTICO
2026-05-13 02:37,KAT-01,Nacimiento Katari,Río Katari,origen,-16.65,-68.45,3.006,104.85,0.1773,0.199,7.33,2219.8,77.15,12.84,1.77,13.44,2.8,37.96,27.52,65.0,3.88,🟢 OK,45.7,PRECAUCIÓN
2026-05-13 01:25,KAT-02,El Alto — Zona Ind.,Río Katari,descarga,-16.58,-68.38,2.103,105.77,0.0401,0.144,6.27,1748.1,64.47,24.01,3.41,57.45,0.78,98.51,45.21,80.9,4.03,🟢 OK,35.8,CRÍTICO
2026-05-13 00:13,KAT-03,Viacha — Minería,Río Katari,descarga,-16.65,-68.3,4.399,76.01,0.0607,0.314,8.75,2422.4,69.6,47.28,7.16,69.11,10.33,50.6,57.61,15.2,3.44,🔴 CRÍTICO,15.3,CRÍTICO
2026-05-12 23:01,KAT-04,Toma Riego Norte,Río Katari,riego,-16.52,-68.38,0.869,119.87,0.0643,0.18,6.68,1192.1,72.91,33.6,1.62,38.61,7.76,38.54,21.45,26.8,3.54,🟡 BAJO,50.9,PRECAUCIÓN
2026-05-12 21:49,KAT-05,Confluencia Pallina,Río Katari,confluencia,-16.54,-68.52,3.284,107.28,0.2026,0.232,6.94,2273.6,65.56,45.81,2.4,10.38,6.91,77.92,28.35,24.6,3.52,🟡 BAJO,30.7,CRÍTICO
2026-05-12 20:37,KAT-06,Toma Riego Central,Río Katari,riego,-16.51,-68.55,1.754,90.61,0.0992,0.154,8.0,2212.0,23.54,16.55,1.42,39.75,9.2,43.99,35.75,81.2,4.03,🟢 OK,56.2,PRECAUCIÓN
2026-05-12 19:25,KAT-07,Descarga Media,Río Katari,descarga,-16.5,-68.62,4.006,84.14,0.2899,0.247,7.17,2141.9,14.23,13.76,2.34,26.27,11.53,128.43,23.67,76.0,3.98,🟢 OK,47.9,PRECAUCIÓN
2026-05-12 18:13,KAT-08,Zona Sedimentación,Río Katari,monitoreo,-16.495,-68.64,2.897,113.23,0.0419,0.135,8.14,2547.6,59.0,26.27,3.67,27.48,1.58,38.49,37.9,74.2,3.97,🟢 OK,38.6,CRÍTICO
2026-05-12 17:01,KAT-09,Toma Riego Sur,Río Katari,riego,-16.49,-68.65,0.565,122.62,0.0791,0.3,8.05,2223.1,69.19,18.39,4.75,10.43,7.23,79.12,32.66,20.4,3.48,🟡 BAJO,55.7,PRECAUCIÓN
2026-05-12 15:49,KAT-10,Tramo Bajo Katari,Río Katari,monitoreo,-16.48,-68.68,2.949,83.44,0.0229,0.149,8.22,1758.8,72.12,12.32,4.64,29.2,2.25,77.08,25.67,48.4,3.74,🟢 OK,43.0,PRECAUCIÓN
2026-05-12 14:37,KAT-11,Toma Riego Final,Río Katari,riego,-16.47,-68.72,1.613,116.44,0.1812,0.226,8.2,1137.1,71.31,34.53,2.25,44.07,7.43,19.64,21.33,70.3,3.93,🟢 OK,36.8,CRÍTICO
2026-05-12 13:25,KAT-12,Descarga Pre-Cohana,Río Katari,descarga,-16.46,-68.75,0.382,123.07,0.2108,0.419,7.96,1980.4,34.78,24.89,6.06,31.07,2.47,14.02,37.88,75.9,3.98,🟢 OK,46.4,PRECAUCIÓN
2026-05-12 12:13,COH-01,Cohana — Entrada,Bahía Cohana,bahia,-16.32,-68.78,1.974,92.86,0.1233,0.272,7.61,2550.5,111.81,39.86,1.68,73.08,4.25,23.9,48.08,41.6,3.67,🟢 OK,34.1,CRÍTICO
2026-05-12 11:01,COH-02,Cohana — Centro,Bahía Cohana,bahia,-16.35,-68.82,2.198,96.11,0.2582,0.237,6.61,3507.0,84.51,36.73,2.57,57.52,8.06,58.98,43.85,73.6,3.96,🟢 OK,29.7,CRÍTICO
2026-05-12 09:49,COH-03,Cohana — Sur,Bahía Cohana,bahia,-16.38,-68.85,2.295,121.03,0.1236,0.156,6.17,1954.7,57.33,7.89,7.55,63.71,11.39,37.29,13.88,5.0,3.34,🔴 CRÍTICO,31.6,CRÍTICO
2026-05-12 08:37,MIN-01,Zona Minera El Alto,Zona Minera,mina,-16.6,-68.35,4.932,121.44,0.1497,0.292,6.37,3034.7,65.44,62.69,8.08,18.95,1.53,205.93,27.95,5.0,3.34,🔴 CRÍTICO,16.1,CRÍTICO
2026-05-12 07:25,MIN-02,Vertedero Viacha,Zona Minera,mina,-16.67,-68.29,1.47,76.95,0.1379,0.455,8.49,2555.5,80.46,53.25,9.52,86.94,1.03,165.05,47.1,67.1,3.9,🟢 OK,26.0,CRÍTICO
2026-05-12 06:13,KAT-01,Nacimiento Katari,Río Katari,origen,-16.65,-68.45,1.686,124.34,0.1659,0.277,6.77,1864.5,83.38,9.34,3.98,20.05,0.49,47.13,14.06,84.6,4.06,🟢 OK,48.3,PRECAUCIÓN
2026-05-12 05:01,KAT-02,El Alto — Zona Ind.,Río Katari,descarga,-16.58,-68.38,1.698,116.38,0.017,0.089,6.95,1911.2,33.1,18.35,4.51,24.66,6.23,62.46,57.38,90.0,4.11,🟢 OK,52.8,PRECAUCIÓN
2026-05-12 03:49,KAT-03,Viacha — Minería,Río Katari,descarga,-16.65,-68.3,2.404,91.51,0.0473,0.176,8.96,1485.7,40.17,26.19,1.75,55.64,2.24,96.6,13.16,17.0,3.45,🔴 CRÍTICO,37.3,CRÍTICO
2026-05-12 02:37,KAT-04,Toma Riego Norte,Río Katari,riego,-16.52,-68.38,3.067,84.51,0.1795,0.112,7.69,1090.8,80.49,41.36,1.27,42.93,0.55,57.36,36.52,88.5,4.1,🟢 OK,27.6,CRÍTICO
2026-05-12 01:25,KAT-05,Confluencia Pallina,Río Katari,confluencia,-16.54,-68.52,3.066,115.98,0.1932,0.147,6.62,1437.4,28.01,21.77,3.16,11.69,7.1,24.84,17.23,49.8,3.75,🟢 OK,41.3,PRECAUCIÓN
2026-05-12 00:13,KAT-06,Toma Riego Central,Río Katari,riego,-16.51,-68.55,2.7,111.97,0.1437,0.147,6.48,1879.0,12.14,22.62,0.62,16.83,9.65,99.12,19.0,8.7,3.38,🔴 CRÍTICO,48.9,PRECAUCIÓN
2026-05-11 23:01,KAT-07,Descarga Media,Río Katari,descarga,-16.5,-68.62,0.98,94.61,0.2875,0.434,6.44,3139.8,19.33,29.79,6.06,27.88,9.08,38.0,14.47,82.7,4.04,🟢 OK,39.3,CRÍTICO
2026-05-11 21:49,KAT-08,Zona Sedimentación,Río Katari,monitoreo,-16.495,-68.64,3.093,119.37,0.1396,0.13,8.51,1076.0,31.61,31.95,2.21,11.18,6.18,85.96,20.25,12.2,3.41,🔴 CRÍTICO,34.7,CRÍTICO
2026-05-11 20:37,KAT-09,Toma Riego Sur,Río Katari,riego,-16.49,-68.65,0.757,86.87,0.0732,0.143,7.99,1969.6,60.07,39.86,1.45,25.61,8.16,26.02,8.81,74.1,3.97,🟢 OK,51.2,PRECAUCIÓN
2026-05-11 19:25,KAT-10,Tramo Bajo Katari,Río Katari,monitoreo,-16.48,-68.68,1.231,109.19,0.0172,0.21,8.14,1491.1,9.64,15.36,2.37,8.13,1.84,37.16,7.97,74.4,3.97,🟢 OK,72.3,NORMAL
2026-05-11 18:13,KAT-11,Toma Riego Final,Río Katari,riego,-16.47,-68.72,0.14,99.19,0.0371,0.306,6.95,2515.8,17.98,13.89,4.16,29.1,8.96,61.35,26.65,11.6,3.4,🔴 CRÍTICO,67.5,PRECAUCIÓN
2026-05-11 17:01,KAT-12,Descarga Pre-Cohana,Río Katari,descarga,-16.46,-68.75,0.922,120.82,0.1104,0.423,7.15,3131.1,44.71,50.74,4.8,61.8,1.26,46.61,33.22,12.3,3.41,🔴 CRÍTICO,32.2,CRÍTICO
2026-05-11 15:49,COH-01,Cohana — Entrada,Bahía Cohana,bahia,-16.32,-68.78,3.795,120.96,0.1477,0.266,7.06,3863.1,60.42,30.03,7.51,45.15,11.67,128.57,27.84,27.9,3.55,🟡 BAJO,21.5,CRÍTICO
2026-05-11 14:37,COH-02,Cohana — Centro,Bahía Cohana,bahia,-16.35,-68.82,4.304,93.16,0.2609,0.394,8.92,3010.5,95.48,61.11,3.62,10.21,6.45,109.0,34.67,52.7,3.77,🟢 OK,20.7,CRÍTICO
2026-05-11 13:25,COH-03,Cohana — Sur,Bahía Cohana,bahia,-16.38,-68.85,1.915,106.74,0.075,0.186,8.32,2815.2,31.98,55.04,4.28,21.33,14.65,114.87,66.6,23.3,3.51,🟡 BAJO,38.0,CRÍTICO
2026-05-11 12:13,MIN-01,Zona Minera El Alto,Zona Minera,mina,-16.6,-68.35,3.319,119.9,0.1787,0.157,8.19,2306.1,80.86,27.8,0.85,12.53,19.72,63.8,64.12,56.3,3.81,🟢 OK,41.4,PRECAUCIÓN
2026-05-11 11:01,MIN-02,Vertedero Viacha,Zona Minera,mina,-16.67,-68.29,3.808,82.66,0.2408,0.617,7.86,3647.5,131.74,58.68,4.28,67.36,2.16,187.61,18.43,10.9,3.4,🔴 CRÍTICO,17.2,CRÍTICO
2026-05-11 09:49,KAT-01,Nacimiento Katari,Río Katari,origen,-16.65,-68.45,2.763,104.87,0.0923,0.28,7.47,2395.6,32.03,8.95,4.34,42.64,2.18,49.67,11.15,75.1,3.98,🟢 OK,42.4,PRECAUCIÓN
2026-05-11 08:37,KAT-02,El Alto — Zona Ind.,Río Katari,descarga,-16.58,-68.38,2.596,106.77,0.0729,0.275,6.66,1441.6,42.86,57.8,5.29,33.73,13.48,107.76,60.57,57.8,3.82,🟢 OK,26.6,CRÍTICO
2026-05-11 07:25,KAT-03,Viacha — Minería,Río Katari,descarga,-16.65,-68.3,1.342,77.64,0.2242,0.276,6.38,2056.1,66.05,42.66,1.76,30.22,8.93,140.91,48.66,89.4,4.1,🟢 OK,34.7,CRÍTICO
2026-05-11 06:13,KAT-04,Toma Riego Norte,Río Katari,riego,-16.52,-68.38,2.59,104.59,0.0512,0.177,8.07,2007.3,52.69,27.45,2.11,27.87,2.33,85.09,12.0,16.2,3.45,🔴 CRÍTICO,44.0,PRECAUCIÓN
2026-05-11 05:01,KAT-05,Confluencia Pallina,Río Katari,confluencia,-16.54,-68.52,1.533,107.92,0.1013,0.297,6.86,1897.7,32.58,44.0,2.95,19.25,7.54,12.47,24.14,35.6,3.62,🟡 BAJO,43.1,PRECAUCIÓN
2026-05-11 03:49,KAT-06,Toma Riego Central,Río Katari,riego,-16.51,-68.55,3.103,75.6,0.1248,0.308,8.3,1774.8,11.98,27.01,3.52,15.15,5.09,49.55,7.35,14.0,3.43,🔴 CRÍTICO,42.3,PRECAUCIÓN
2026-05-11 02:37,KAT-07,Descarga Media,Río Katari,descarga,-16.5,-68.62,3.967,86.99,0.0725,0.281,7.57,3152.1,14.18,14.36,0.85,9.62,11.87,28.21,8.53,40.2,3.66,🟢 OK,60.5,PRECAUCIÓN
2026-05-11 01:25,KAT-08,Zona Sedimentación,Río Katari,monitoreo,-16.495,-68.64,2.855,88.12,0.098,0.199,6.12,1714.5,50.74,19.21,2.01,9.3,3.96,18.4,36.4,83.1,4.05,🟢 OK,41.0,PRECAUCIÓN
2026-05-11 00:13,KAT-09,Toma Riego Sur,Río Katari,riego,-16.49,-68.65,3.263,118.25,0.1346,0.168,8.17,1439.1,54.92,25.49,4.24,17.19,3.49,96.38,6.56,40.3,3.66,🟢 OK,32.4,CRÍTICO
2026-05-10 23:01,KAT-10,Tramo Bajo Katari,Río Katari,monitoreo,-16.48,-68.68,3.077,105.52,0.1235,0.196,6.77,1536.7,72.35,26.87,0.92,5.22,9.73,44.63,29.53,5.0,3.34,🔴 CRÍTICO,44.9,PRECAUCIÓN
2026-05-10 21:49,KAT-11,Toma Riego Final,Río Katari,riego,-16.47,-68.72,2.333,121.63,0.1294,0.155,6.39,1937.3,65.6,42.2,3.69,44.97,6.44,21.41,17.21,12.2,3.41,🔴 CRÍTICO,20.8,CRÍTICO
2026-05-10 20:37,KAT-12,Descarga Pre-Cohana,Río Katari,descarga,-16.46,-68.75,4.29,113.02,0.21,0.242,6.93,1776.9,90.75,20.63,4.94,8.84,5.0,74.59,14.58,76.7,3.99,🟢 OK,33.3,CRÍTICO
2026-05-10 19:25,COH-01,Cohana — Entrada,Bahía Cohana,bahia,-16.32,-68.78,1.196,81.52,0.0803,0.076,8.38,2512.3,74.66,10.04,4.0,61.87,13.46,25.79,40.22,68.6,3.92,🟢 OK,49.8,PRECAUCIÓN
2026-05-10 18:13,COH-02,Cohana — Centro,Bahía Cohana,bahia,-16.35,-68.82,2.066,116.48,0.0589,0.342,8.9,3333.6,119.07,30.77,7.72,25.35,5.44,112.84,54.51,68.0,3.91,🟢 OK,30.9,CRÍTICO
2026-05-10 17:01,COH-03,Cohana — Sur,Bahía Cohana,bahia,-16.38,-68.85,1.175,114.9,0.244,0.191,6.2,2415.8,41.28,69.8,5.49,55.19,14.78,66.97,56.82,23.9,3.52,🟡 BAJO,22.1,CRÍTICO
2026-05-10 15:49,MIN-01,Zona Minera El Alto,Zona Minera,mina,-16.6,-68.35,5.875,84.03,0.308,0.303,6.68,2513.4,129.6,61.59,5.32,75.81,5.25,29.05,33.59,25.3,3.53,🟡 BAJO,15.0,CRÍTICO
2026-05-10 14:37,MIN-02,Vertedero Viacha,Zona Minera,mina,-16.67,-68.29,1.329,92.74,0.1404,0.172,6.18,3233.3,149.78,60.72,7.54,46.74,14.39,95.63,50.79,5.0,3.34,🔴 CRÍTICO,21.5,CRÍTICO
2026-05-10 13:25,KAT-01,Nacimiento Katari,Río Katari,origen,-16.65,-68.45,2.361,108.07,0.0198,0.181,7.14,2604.8,38.38,43.47,4.03,30.69,8.13,90.68,23.39,55.4,3.8,🟢 OK,36.2,CRÍTICO
2026-05-10 12:13,KAT-02,El Alto — Zona Ind.,Río Katari,descarga,-16.58,-68.38,1.919,123.34,0.2159,0.089,6.26,3373.7,60.33,39.67,3.53,61.6,3.35,121.94,38.67,17.6,3.46,🔴 CRÍTICO,21.7,CRÍTICO
2026-05-10 11:01,KAT-03,Viacha — Minería,Río Katari,descarga,-16.65,-68.3,4.576,100.63,0.0999,0.136,7.46,3361.7,40.97,14.94,2.69,55.44,6.97,42.7,15.65,39.3,3.65,🟡 BAJO,38.9,CRÍTICO
2026-05-10 09:49,KAT-04,Toma Riego Norte,Río Katari,riego,-16.52,-68.38,3.165,92.15,0.2136,0.169,7.5,1261.0,75.43,35.06,5.38,6.76,1.35,77.08,16.04,24.7,3.52,🟡 BAJO,26.5,CRÍTICO
2026-05-10 08:37,KAT-05,Confluencia Pallina,Río Katari,confluencia,-16.54,-68.52,0.248,76.09,0.17,0.161,6.42,1745.8,52.96,6.39,4.37,4.97,7.78,93.42,22.38,52.5,3.77,🟢 OK,56.3,PRECAUCIÓN
2026-05-10 07:25,KAT-06,Toma Riego Central,Río Katari,riego,-16.51,-68.55,1.665,94.46,0.193,0.295,8.77,1524.2,53.69,45.66,2.99,24.88,3.11,99.61,10.2,54.3,3.79,🟢 OK,29.2,CRÍTICO
2026-05-10 06:13,KAT-07,Descarga Media,Río Katari,descarga,-16.5,-68.62,1.45,88.95,0.1325,0.094,9.1,1473.3,71.13,16.44,3.69,38.46,4.09,54.47,10.99,28.8,3.56,🟡 BAJO,37.5,CRÍTICO
2026-05-10 05:01,KAT-08,Zona Sedimentación,Río Katari,monitoreo,-16.495,-68.64,3.252,122.24,0.0803,0.264,7.77,2488.1,5.74,45.08,0.88,11.77,9.7,59.8,4.8,22.9,3.51,🟡 BAJO,48.4,PRECAUCIÓN
2026-05-10 03:49,KAT-09,Toma Riego Sur,Río Katari,riego,-16.49,-68.65,1.578,109.65,0.1616,0.189,9.09,1443.0,47.63,22.29,1.27,48.49,8.66,56.09,29.54,18.3,3.46,🔴 CRÍTICO,37.9,CRÍTICO
2026-05-10 02:37,KAT-10,Tramo Bajo Katari,Río Katari,monitoreo,-16.48,-68.68,1.882,109.75,0.1171,0.253,9.07,1987.1,34.46,12.41,2.36,20.11,4.59,82.88,24.54,64.5,3.88,🟢 OK,47.8,PRECAUCIÓN
2026-05-10 01:25,KAT-11,Toma Riego Final,Río Katari,riego,-16.47,-68.72,1.988,92.1,0.1772,0.115,6.74,1337.0,44.98,5.63,3.69,27.5,4.72,100.38,28.19,68.4,3.92,🟢 OK,47.4,PRECAUCIÓN
2026-05-10 00:13,KAT-12,Descarga Pre-Cohana,Río Katari,descarga,-16.46,-68.75,0.801,103.46,0.2647,0.098,7.81,3032.8,48.37,34.27,3.37,60.92,3.89,140.5,62.22,14.0,3.43,🔴 CRÍTICO,37.8,CRÍTICO
2026-05-09 23:01,COH-01,Cohana — Entrada,Bahía Cohana,bahia,-16.32,-68.78,1.872,119.78,0.3138,0.346,7.37,2248.9,70.02,25.1,6.2,10.24,1.34,68.26,28.57,17.8,3.46,🔴 CRÍTICO,38.2,CRÍTICO
2026-05-09 21:49,COH-02,Cohana — Centro,Bahía Cohana,bahia,-16.35,-68.82,2.566,91.04,0.0768,0.248,6.96,3896.8,56.44,44.2,8.06,23.06,10.5,114.99,44.56,5.0,3.34,🔴 CRÍTICO,28.2,CRÍTICO
2026-05-09 20:37,COH-03,Cohana — Sur,Bahía Cohana,bahia,-16.38,-68.85,3.47,78.2,0.2004,0.08,8.29,1971.6,107.29,61.04,4.11,21.44,2.57,148.63,10.88,5.0,3.34,🔴 CRÍTICO,23.4,CRÍTICO
2026-05-09 19:25,MIN-01,Zona Minera El Alto,Zona Minera,mina,-16.6,-68.35,2.494,106.01,0.1847,0.205,6.39,2411.2,48.1,45.04,7.94,28.57,7.92,91.88,90.42,66.1,3.89,🟢 OK,17.7,CRÍTICO
2026-05-09 18:13,MIN-02,Vertedero Viacha,Zona Minera,mina,-16.67,-68.29,5.425,87.08,0.0388,0.51,6.98,2347.0,90.18,82.6,9.36,41.37,14.12,77.13,13.52,42.6,3.68,🟢 OK,24.1,CRÍTICO
2026-05-09 17:01,KAT-01,Nacimiento Katari,Río Katari,origen,-16.65,-68.45,0.152,95.46,0.0792,0.264,8.15,2247.3,29.2,17.59,2.67,37.22,7.11,102.31,13.66,71.3,3.94,🟢 OK,63.2,PRECAUCIÓN
2026-05-09 15:49,KAT-02,El Alto — Zona Ind.,Río Katari,descarga,-16.58,-68.38,2.934,120.75,0.0615,0.242,8.33,2680.6,37.63,26.98,4.68,62.31,8.29,96.18,36.38,17.3,3.46,🔴 CRÍTICO,30.8,CRÍTICO
2026-05-09 14:37,KAT-03,Viacha — Minería,Río Katari,descarga,-16.65,-68.3,1.224,99.6,0.1054,0.161,6.56,2529.7,42.94,34.63,1.53,64.75,12.32,106.22,12.13,76.9,3.99,🟢 OK,43.8,PRECAUCIÓN
2026-05-09 13:25,KAT-04,Toma Riego Norte,Río Katari,riego,-16.52,-68.38,2.738,113.39,0.0352,0.22,8.0,2361.7,50.72,24.5,3.08,6.05,6.59,16.7,22.47,33.9,3.61,🟡 BAJO,47.0,PRECAUCIÓN
2026-05-09 12:13,KAT-05,Confluencia Pallina,Río Katari,confluencia,-16.54,-68.52,1.887,81.67,0.1531,0.084,8.46,1234.4,13.46,42.09,3.08,25.53,1.45,70.38,40.66,77.4,4.0,🟢 OK,40.1,PRECAUCIÓN
2026-05-09 11:01,KAT-06,Toma Riego Central,Río Katari,riego,-16.51,-68.55,2.148,78.76,0.0349,0.115,6.15,1392.6,15.93,21.42,5.17,31.97,8.49,76.13,8.93,67.6,3.91,🟢 OK,41.9,PRECAUCIÓN
2026-05-09 09:49,KAT-07,Descarga Media,Río Katari,descarga,-16.5,-68.62,1.416,106.96,0.1142,0.415,9.09,1963.9,38.12,8.8,5.5,52.0,11.9,141.52,63.25,8.5,3.38,🔴 CRÍTICO,38.0,CRÍTICO
2026-05-09 08:37,KAT-08,Zona Sedimentación,Río Katari,monitoreo,-16.495,-68.64,2.783,107.32,0.1441,0.291,6.4,2052.3,82.62,23.69,0.62,20.8,8.4,75.29,23.49,5.7,3.35,🔴 CRÍTICO,39.3,CRÍTICO
2026-05-09 07:25,KAT-09,Toma Riego Sur,Río Katari,riego,-16.49,-68.65,1.503,98.45,0.2014,0.063,7.99,1483.6,46.62,46.1,2.23,26.0,3.85,73.5,32.01,59.8,3.84,🟢 OK,38.1,CRÍTICO
